Picked up JAVA_TOOL_OPTIONS: -Dfile.encoding=UTF-8
[INFO] Scanning for projects...
[INFO] 
[INFO] ---------------------< com.inventory:admin-server >---------------------
[INFO] Building admin-server 0.0.1-SNAPSHOT
[INFO]   from pom.xml
[INFO] --------------------------------[ jar ]---------------------------------
[INFO] 
[INFO] >>> spring-boot:3.5.16:run (default-cli) > test-compile @ admin-server >>>
[INFO] 
[INFO] --- resources:3.3.1:resources (default-resources) @ admin-server ---
[INFO] Copying 1 resource from src\main\resources to target\classes
[INFO] Copying 0 resource from src\main\resources to target\classes
[INFO] 
[INFO] --- compiler:3.14.1:compile (default-compile) @ admin-server ---
[INFO] Nothing to compile - all classes are up to date.
[INFO] 
[INFO] --- resources:3.3.1:testResources (default-testResources) @ admin-server ---
[INFO] skip non existing resourceDirectory C:\Users\CHAKRADHARBATTULA\Desktop\inventory-management-test\admin-server\src\test\resources
[INFO] 
[INFO] --- compiler:3.14.1:testCompile (default-testCompile) @ admin-server ---
[INFO] No sources to compile
[INFO] 
[INFO] <<< spring-boot:3.5.16:run (default-cli) < test-compile @ admin-server <<<
[INFO] 
[INFO] 
[INFO] --- spring-boot:3.5.16:run (default-cli) @ admin-server ---
[INFO] Attaching agents: []
Picked up JAVA_TOOL_OPTIONS: -Dfile.encoding=UTF-8

  .   ____          _            __ _ _
 /\\ / ___'_ __ _ _(_)_ __  __ _ \ \ \ \
( ( )\___ | '_ | '_| | '_ \/ _` | \ \ \ \
 \\/  ___)| |_)| | | | | || (_| |  ) ) ) )
  '  |____| .__|_| |_|_| |_\__, | / / / /
 =========|_|==============|___/=/_/_/_/

 :: Spring Boot ::               (v3.5.16)

2026-07-14T17:18:25.278+05:30  INFO 26852 --- [admin-server] [           main] c.i.adminserver.AdminServerApplication   : Starting AdminServerApplication using Java 25.0.1 with PID 26852 (C:\Users\CHAKRADHARBATTULA\Desktop\inventory-management-test\admin-server\target\classes started by CHAKRADHARBATTULA in C:\Users\CHAKRADHARBATTULA\Desktop\inventory-management-test\admin-server)
2026-07-14T17:18:25.282+05:30  INFO 26852 --- [admin-server] [           main] c.i.adminserver.AdminServerApplication   : No active profile set, falling back to 1 default profile: "default"
2026-07-14T17:18:25.390+05:30  INFO 26852 --- [admin-server] [           main] o.s.c.c.c.ConfigServerConfigDataLoader   : Fetching config from server at : http://localhost:8888
2026-07-14T17:18:25.390+05:30  INFO 26852 --- [admin-server] [           main] o.s.c.c.c.ConfigServerConfigDataLoader   : Exception on Url - http://localhost:8888:org.springframework.web.client.ResourceAccessException: I/O error on GET request for "http://localhost:8888/admin-server/default": Connection refused: getsockopt. Will be trying the next url if available
2026-07-14T17:18:25.390+05:30  WARN 26852 --- [admin-server] [           main] o.s.c.c.c.ConfigServerConfigDataLoader   : Could not locate PropertySource ([ConfigServerConfigDataResource@2102a4d5 uris = array<String>['http://localhost:8888'], optional = true, profiles = 'default']): I/O error on GET request for "http://localhost:8888/admin-server/default": Connection refused: getsockopt
2026-07-14T17:18:25.391+05:30  INFO 26852 --- [admin-server] [           main] o.s.c.c.c.ConfigServerConfigDataLoader   : Fetching config from server at : http://localhost:8888
2026-07-14T17:18:25.391+05:30  INFO 26852 --- [admin-server] [           main] o.s.c.c.c.ConfigServerConfigDataLoader   : Exception on Url - http://localhost:8888:org.springframework.web.client.ResourceAccessException: I/O error on GET request for "http://localhost:8888/admin-server/default": Connection refused: getsockopt. Will be trying the next url if available
2026-07-14T17:18:25.391+05:30  WARN 26852 --- [admin-server] [           main] o.s.c.c.c.ConfigServerConfigDataLoader   : Could not locate PropertySource ([ConfigServerConfigDataResource@2a551a63 uris = array<String>['http://localhost:8888'], optional = true, profiles = 'default']): I/O error on GET request for "http://localhost:8888/admin-server/default": Connection refused: getsockopt
2026-07-14T17:18:25.391+05:30  INFO 26852 --- [admin-server] [           main] o.s.c.c.c.ConfigServerConfigDataLoader   : Fetching config from server at : http://localhost:8888
2026-07-14T17:18:25.392+05:30  INFO 26852 --- [admin-server] [           main] o.s.c.c.c.ConfigServerConfigDataLoader   : Exception on Url - http://localhost:8888:org.springframework.web.client.ResourceAccessException: I/O error on GET request for "http://localhost:8888/admin-server/default": Connection refused: getsockopt. Will be trying the next url if available
2026-07-14T17:18:25.392+05:30  WARN 26852 --- [admin-server] [           main] o.s.c.c.c.ConfigServerConfigDataLoader   : Could not locate PropertySource ([ConfigServerConfigDataResource@1a6f5124 uris = array<String>['http://localhost:8888'], optional = true, profiles = 'default']): I/O error on GET request for "http://localhost:8888/admin-server/default": Connection refused: getsockopt
2026-07-14T17:18:27.798+05:30  INFO 26852 --- [admin-server] [           main] o.s.cloud.context.scope.GenericScope     : BeanFactory id=8b1f0cbf-21de-3651-9fb3-9f58a5c32888
2026-07-14T17:18:28.401+05:30  INFO 26852 --- [admin-server] [           main] o.s.b.w.embedded.tomcat.TomcatWebServer  : Tomcat initialized with port 8090 (http)
2026-07-14T17:18:28.433+05:30  INFO 26852 --- [admin-server] [           main] o.apache.catalina.core.StandardService   : Starting service [Tomcat]
2026-07-14T17:18:28.435+05:30  INFO 26852 --- [admin-server] [           main] o.apache.catalina.core.StandardEngine    : Starting Servlet engine: [Apache Tomcat/10.1.55]
2026-07-14T17:18:28.617+05:30  INFO 26852 --- [admin-server] [           main] o.a.c.c.C.[Tomcat].[localhost].[/]       : Initializing Spring embedded WebApplicationContext
2026-07-14T17:18:28.618+05:30  INFO 26852 --- [admin-server] [           main] w.s.c.ServletWebServerApplicationContext : Root WebApplicationContext: initialization completed in 3222 ms
2026-07-14T17:18:30.712+05:30  WARN 26852 --- [admin-server] [           main] ion$DefaultTemplateResolverConfiguration : Cannot find template location: classpath:/templates/ (please add some templates, check your Thymeleaf configuration, or set spring.thymeleaf.check-template-location=false)
WARNING: A terminally deprecated method in sun.misc.Unsafe has been called
WARNING: sun.misc.Unsafe::allocateMemory has been called by io.netty.util.internal.PlatformDependent0$2 (file:/C:/Users/CHAKRADHARBATTULA/.m2/repository/io/netty/netty-common/4.1.135.Final/netty-common-4.1.135.Final.jar)
WARNING: Please consider reporting this to the maintainers of class io.netty.util.internal.PlatformDependent0$2
WARNING: sun.misc.Unsafe::allocateMemory will be removed in a future release
2026-07-14T17:18:31.586+05:30  INFO 26852 --- [admin-server] [           main] DiscoveryClientOptionalArgsConfiguration : Eureka HTTP Client uses RestTemplate.
2026-07-14T17:18:31.965+05:30  WARN 26852 --- [admin-server] [           main] iguration$LoadBalancerCaffeineWarnLogger : Spring Cloud LoadBalancer is currently working with the default cache. While this cache implementation is useful for development and tests, it's recommended to use Caffeine cache in production.You can switch to using Caffeine cache, by adding it and org.springframework.cache.caffeine.CaffeineCacheManager to the classpath.
2026-07-14T17:18:31.979+05:30  INFO 26852 --- [admin-server] [           main] o.s.b.a.e.web.EndpointLinksResolver      : Exposing 1 endpoint beneath base path '/actuator'
2026-07-14T17:18:32.056+05:30  INFO 26852 --- [admin-server] [           main] o.s.c.n.eureka.InstanceInfoFactory       : Setting initial instance status as: STARTING
2026-07-14T17:18:32.097+05:30  INFO 26852 --- [admin-server] [           main] com.netflix.discovery.DiscoveryClient    : Initializing Eureka in region us-east-1
2026-07-14T17:18:32.102+05:30  INFO 26852 --- [admin-server] [           main] c.n.d.s.r.aws.ConfigClusterResolver      : Resolving eureka endpoints via configuration
2026-07-14T17:18:32.116+05:30  INFO 26852 --- [admin-server] [           main] com.netflix.discovery.DiscoveryClient    : Disable delta property : false
2026-07-14T17:18:32.117+05:30  INFO 26852 --- [admin-server] [           main] com.netflix.discovery.DiscoveryClient    : Single vip registry refresh property : null
2026-07-14T17:18:32.117+05:30  INFO 26852 --- [admin-server] [           main] com.netflix.discovery.DiscoveryClient    : Force full registry fetch : false
2026-07-14T17:18:32.117+05:30  INFO 26852 --- [admin-server] [           main] com.netflix.discovery.DiscoveryClient    : Application is null : false
2026-07-14T17:18:32.117+05:30  INFO 26852 --- [admin-server] [           main] com.netflix.discovery.DiscoveryClient    : Registered Applications size is zero : true
2026-07-14T17:18:32.117+05:30  INFO 26852 --- [admin-server] [           main] com.netflix.discovery.DiscoveryClient    : Application version is -1: true
2026-07-14T17:18:32.117+05:30  INFO 26852 --- [admin-server] [           main] com.netflix.discovery.DiscoveryClient    : Getting all instance registry info from the eureka server
2026-07-14T17:18:32.529+05:30  INFO 26852 --- [admin-server] [           main] c.n.d.s.t.d.RedirectingEurekaHttpClient  : Request execution error. endpoint=DefaultEndpoint{ serviceUrl='http://localhost:8761/eureka/}, exception=I/O error on GET request for "http://localhost:8761/eureka/apps/": Connect to http://localhost:8761 failed: Connection refused: getsockopt

org.springframework.web.client.ResourceAccessException: I/O error on GET request for "http://localhost:8761/eureka/apps/": Connect to http://localhost:8761 failed: Connection refused: getsockopt
	at org.springframework.web.client.RestTemplate.createResourceAccessException(RestTemplate.java:926) ~[spring-web-6.2.19.jar:6.2.19]
	at org.springframework.web.client.RestTemplate.doExecute(RestTemplate.java:906) ~[spring-web-6.2.19.jar:6.2.19]
	at org.springframework.web.client.RestTemplate.execute(RestTemplate.java:841) ~[spring-web-6.2.19.jar:6.2.19]
	at org.springframework.web.client.RestTemplate.exchange(RestTemplate.java:702) ~[spring-web-6.2.19.jar:6.2.19]
	at org.springframework.cloud.netflix.eureka.http.RestTemplateEurekaHttpClient.getApplicationsInternal(RestTemplateEurekaHttpClient.java:174) ~[spring-cloud-netflix-eureka-client-4.3.3.jar:4.3.3]
	at org.springframework.cloud.netflix.eureka.http.RestTemplateEurekaHttpClient.getApplications(RestTemplateEurekaHttpClient.java:162) ~[spring-cloud-netflix-eureka-client-4.3.3.jar:4.3.3]
	at com.netflix.discovery.shared.transport.decorator.EurekaHttpClientDecorator$6.execute(EurekaHttpClientDecorator.java:137) ~[eureka-client-2.0.6.jar:2.0.6]
	at com.netflix.discovery.shared.transport.decorator.RedirectingEurekaHttpClient.executeOnNewServer(RedirectingEurekaHttpClient.java:120) ~[eureka-client-2.0.6.jar:2.0.6]
	at com.netflix.discovery.shared.transport.decorator.RedirectingEurekaHttpClient.execute(RedirectingEurekaHttpClient.java:79) ~[eureka-client-2.0.6.jar:2.0.6]
	at com.netflix.discovery.shared.transport.decorator.EurekaHttpClientDecorator.getApplications(EurekaHttpClientDecorator.java:134) ~[eureka-client-2.0.6.jar:2.0.6]
	at com.netflix.discovery.shared.transport.decorator.EurekaHttpClientDecorator$6.execute(EurekaHttpClientDecorator.java:137) ~[eureka-client-2.0.6.jar:2.0.6]
	at com.netflix.discovery.shared.transport.decorator.RetryableEurekaHttpClient.execute(RetryableEurekaHttpClient.java:120) ~[eureka-client-2.0.6.jar:2.0.6]
	at com.netflix.discovery.shared.transport.decorator.EurekaHttpClientDecorator.getApplications(EurekaHttpClientDecorator.java:134) ~[eureka-client-2.0.6.jar:2.0.6]
	at com.netflix.discovery.shared.transport.decorator.EurekaHttpClientDecorator$6.execute(EurekaHttpClientDecorator.java:137) ~[eureka-client-2.0.6.jar:2.0.6]
	at com.netflix.discovery.shared.transport.decorator.SessionedEurekaHttpClient.execute(SessionedEurekaHttpClient.java:76) ~[eureka-client-2.0.6.jar:2.0.6]
	at com.netflix.discovery.shared.transport.decorator.EurekaHttpClientDecorator.getApplications(EurekaHttpClientDecorator.java:134) ~[eureka-client-2.0.6.jar:2.0.6]
	at com.netflix.discovery.DiscoveryClient.getAndStoreFullRegistry(DiscoveryClient.java:1061) ~[eureka-client-2.0.6.jar:2.0.6]
	at com.netflix.discovery.DiscoveryClient.fetchRegistry(DiscoveryClient.java:976) ~[eureka-client-2.0.6.jar:2.0.6]
	at com.netflix.discovery.DiscoveryClient.<init>(DiscoveryClient.java:419) ~[eureka-client-2.0.6.jar:2.0.6]
	at com.netflix.discovery.DiscoveryClient.<init>(DiscoveryClient.java:254) ~[eureka-client-2.0.6.jar:2.0.6]
	at com.netflix.discovery.DiscoveryClient.<init>(DiscoveryClient.java:249) ~[eureka-client-2.0.6.jar:2.0.6]
	at org.springframework.cloud.netflix.eureka.CloudEurekaClient.<init>(CloudEurekaClient.java:68) ~[spring-cloud-netflix-eureka-client-4.3.3.jar:4.3.3]
	at org.springframework.cloud.netflix.eureka.EurekaClientAutoConfiguration$RefreshableEurekaClientConfiguration.eurekaClient(EurekaClientAutoConfiguration.java:324) ~[spring-cloud-netflix-eureka-client-4.3.3.jar:4.3.3]
	at java.base/jdk.internal.reflect.DirectMethodHandleAccessor.invoke(DirectMethodHandleAccessor.java:104) ~[na:na]
	at java.base/java.lang.reflect.Method.invoke(Method.java:565) ~[na:na]
	at org.springframework.beans.factory.support.SimpleInstantiationStrategy.lambda$instantiate$0(SimpleInstantiationStrategy.java:172) ~[spring-beans-6.2.19.jar:6.2.19]
	at org.springframework.beans.factory.support.SimpleInstantiationStrategy.instantiateWithFactoryMethod(SimpleInstantiationStrategy.java:89) ~[spring-beans-6.2.19.jar:6.2.19]
	at org.springframework.beans.factory.support.SimpleInstantiationStrategy.instantiate(SimpleInstantiationStrategy.java:169) ~[spring-beans-6.2.19.jar:6.2.19]
	at org.springframework.beans.factory.support.ConstructorResolver.instantiate(ConstructorResolver.java:653) ~[spring-beans-6.2.19.jar:6.2.19]
	at org.springframework.beans.factory.support.ConstructorResolver.instantiateUsingFactoryMethod(ConstructorResolver.java:645) ~[spring-beans-6.2.19.jar:6.2.19]
	at org.springframework.beans.factory.support.AbstractAutowireCapableBeanFactory.instantiateUsingFactoryMethod(AbstractAutowireCapableBeanFactory.java:1373) ~[spring-beans-6.2.19.jar:6.2.19]
	at org.springframework.beans.factory.support.AbstractAutowireCapableBeanFactory.createBeanInstance(AbstractAutowireCapableBeanFactory.java:1203) ~[spring-beans-6.2.19.jar:6.2.19]
	at org.springframework.beans.factory.support.AbstractAutowireCapableBeanFactory.doCreateBean(AbstractAutowireCapableBeanFactory.java:569) ~[spring-beans-6.2.19.jar:6.2.19]
	at org.springframework.beans.factory.support.AbstractAutowireCapableBeanFactory.createBean(AbstractAutowireCapableBeanFactory.java:529) ~[spring-beans-6.2.19.jar:6.2.19]
	at org.springframework.beans.factory.support.AbstractBeanFactory.lambda$doGetBean$1(AbstractBeanFactory.java:378) ~[spring-beans-6.2.19.jar:6.2.19]
	at org.springframework.cloud.context.scope.GenericScope$BeanLifecycleWrapper.getBean(GenericScope.java:373) ~[spring-cloud-context-4.3.3.jar:4.3.3]
	at org.springframework.cloud.context.scope.GenericScope.get(GenericScope.java:177) ~[spring-cloud-context-4.3.3.jar:4.3.3]
	at org.springframework.beans.factory.support.AbstractBeanFactory.doGetBean(AbstractBeanFactory.java:375) ~[spring-beans-6.2.19.jar:6.2.19]
	at org.springframework.beans.factory.support.AbstractBeanFactory.getBean(AbstractBeanFactory.java:202) ~[spring-beans-6.2.19.jar:6.2.19]
	at org.springframework.aop.target.SimpleBeanTargetSource.getTarget(SimpleBeanTargetSource.java:35) ~[spring-aop-6.2.19.jar:6.2.19]
	at org.springframework.cloud.netflix.eureka.serviceregistry.EurekaRegistration.getTargetObject(EurekaRegistration.java:128) ~[spring-cloud-netflix-eureka-client-4.3.3.jar:4.3.3]
	at org.springframework.cloud.netflix.eureka.serviceregistry.EurekaRegistration.getEurekaClient(EurekaRegistration.java:116) ~[spring-cloud-netflix-eureka-client-4.3.3.jar:4.3.3]
	at java.base/jdk.internal.reflect.DirectMethodHandleAccessor.invoke(DirectMethodHandleAccessor.java:104) ~[na:na]
	at java.base/java.lang.reflect.Method.invoke(Method.java:565) ~[na:na]
	at org.springframework.util.ReflectionUtils.invokeMethod(ReflectionUtils.java:281) ~[spring-core-6.2.19.jar:6.2.19]
	at org.springframework.cloud.context.scope.GenericScope$LockedScopedProxyFactoryBean.invoke(GenericScope.java:480) ~[spring-cloud-context-4.3.3.jar:4.3.3]
	at org.springframework.aop.framework.ReflectiveMethodInvocation.proceed(ReflectiveMethodInvocation.java:184) ~[spring-aop-6.2.19.jar:6.2.19]
	at org.springframework.aop.framework.CglibAopProxy$DynamicAdvisedInterceptor.intercept(CglibAopProxy.java:728) ~[spring-aop-6.2.19.jar:6.2.19]
	at org.springframework.cloud.netflix.eureka.serviceregistry.EurekaRegistration$$SpringCGLIB$$0.getEurekaClient(<generated>) ~[spring-cloud-netflix-eureka-client-4.3.3.jar:4.3.3]
	at org.springframework.cloud.netflix.eureka.serviceregistry.EurekaServiceRegistry.maybeInitializeClient(EurekaServiceRegistry.java:83) ~[spring-cloud-netflix-eureka-client-4.3.3.jar:4.3.3]
	at org.springframework.cloud.netflix.eureka.serviceregistry.EurekaServiceRegistry.register(EurekaServiceRegistry.java:66) ~[spring-cloud-netflix-eureka-client-4.3.3.jar:4.3.3]
	at org.springframework.cloud.netflix.eureka.serviceregistry.EurekaAutoServiceRegistration.start(EurekaAutoServiceRegistration.java:89) ~[spring-cloud-netflix-eureka-client-4.3.3.jar:4.3.3]
	at org.springframework.context.support.DefaultLifecycleProcessor.doStart(DefaultLifecycleProcessor.java:405) ~[spring-context-6.2.19.jar:6.2.19]
	at org.springframework.context.support.DefaultLifecycleProcessor.doStart(DefaultLifecycleProcessor.java:394) ~[spring-context-6.2.19.jar:6.2.19]
	at org.springframework.context.support.DefaultLifecycleProcessor$LifecycleGroup.start(DefaultLifecycleProcessor.java:586) ~[spring-context-6.2.19.jar:6.2.19]
	at java.base/java.lang.Iterable.forEach(Iterable.java:75) ~[na:na]
	at org.springframework.context.support.DefaultLifecycleProcessor.startBeans(DefaultLifecycleProcessor.java:364) ~[spring-context-6.2.19.jar:6.2.19]
	at org.springframework.context.support.DefaultLifecycleProcessor.onRefresh(DefaultLifecycleProcessor.java:310) ~[spring-context-6.2.19.jar:6.2.19]
	at org.springframework.context.support.AbstractApplicationContext.finishRefresh(AbstractApplicationContext.java:1010) ~[spring-context-6.2.19.jar:6.2.19]
	at org.springframework.context.support.AbstractApplicationContext.refresh(AbstractApplicationContext.java:631) ~[spring-context-6.2.19.jar:6.2.19]
	at org.springframework.boot.web.servlet.context.ServletWebServerApplicationContext.refresh(ServletWebServerApplicationContext.java:146) ~[spring-boot-3.5.16.jar:3.5.16]
	at org.springframework.boot.SpringApplication.refresh(SpringApplication.java:752) ~[spring-boot-3.5.16.jar:3.5.16]
	at org.springframework.boot.SpringApplication.refreshContext(SpringApplication.java:439) ~[spring-boot-3.5.16.jar:3.5.16]
	at org.springframework.boot.SpringApplication.run(SpringApplication.java:318) ~[spring-boot-3.5.16.jar:3.5.16]
	at org.springframework.boot.SpringApplication.run(SpringApplication.java:1361) ~[spring-boot-3.5.16.jar:3.5.16]
	at org.springframework.boot.SpringApplication.run(SpringApplication.java:1350) ~[spring-boot-3.5.16.jar:3.5.16]
	at com.inventory.adminserver.AdminServerApplication.main(AdminServerApplication.java:14) ~[classes/:na]
Caused by: org.apache.hc.client5.http.HttpHostConnectException: Connect to http://localhost:8761 failed: Connection refused: getsockopt
	at java.base/sun.nio.ch.Net.pollConnect(Native Method) ~[na:na]
	at java.base/sun.nio.ch.Net.pollConnectNow(Net.java:639) ~[na:na]
	at java.base/sun.nio.ch.NioSocketImpl.timedFinishConnect(NioSocketImpl.java:543) ~[na:na]
	at java.base/sun.nio.ch.NioSocketImpl.connect(NioSocketImpl.java:594) ~[na:na]
	at java.base/java.net.SocksSocketImpl.connect(SocksSocketImpl.java:284) ~[na:na]
	at java.base/java.net.Socket.connect(Socket.java:659) ~[na:na]
	at org.apache.hc.client5.http.impl.io.DefaultHttpClientConnectionOperator.connect(DefaultHttpClientConnectionOperator.java:226) ~[httpclient5-5.5.2.jar:5.5.2]
	at org.apache.hc.client5.http.impl.io.PoolingHttpClientConnectionManager.connect(PoolingHttpClientConnectionManager.java:497) ~[httpclient5-5.5.2.jar:5.5.2]
	at org.apache.hc.client5.http.impl.classic.InternalExecRuntime.connectEndpoint(InternalExecRuntime.java:164) ~[httpclient5-5.5.2.jar:5.5.2]
	at org.apache.hc.client5.http.impl.classic.InternalExecRuntime.connectEndpoint(InternalExecRuntime.java:174) ~[httpclient5-5.5.2.jar:5.5.2]
	at org.apache.hc.client5.http.impl.classic.ConnectExec.execute(ConnectExec.java:144) ~[httpclient5-5.5.2.jar:5.5.2]
	at org.apache.hc.client5.http.impl.classic.ExecChainElement.execute(ExecChainElement.java:51) ~[httpclient5-5.5.2.jar:5.5.2]
	at org.apache.hc.client5.http.impl.classic.ProtocolExec.execute(ProtocolExec.java:195) ~[httpclient5-5.5.2.jar:5.5.2]
	at org.apache.hc.client5.http.impl.classic.ExecChainElement.execute(ExecChainElement.java:51) ~[httpclient5-5.5.2.jar:5.5.2]
	at org.apache.hc.client5.http.impl.classic.ContentCompressionExec.execute(ContentCompressionExec.java:168) ~[httpclient5-5.5.2.jar:5.5.2]
	at org.apache.hc.client5.http.impl.classic.ExecChainElement.execute(ExecChainElement.java:51) ~[httpclient5-5.5.2.jar:5.5.2]
	at org.apache.hc.client5.http.impl.classic.HttpRequestRetryExec.execute(HttpRequestRetryExec.java:112) ~[httpclient5-5.5.2.jar:5.5.2]
	at org.apache.hc.client5.http.impl.classic.ExecChainElement.execute(ExecChainElement.java:51) ~[httpclient5-5.5.2.jar:5.5.2]
	at org.apache.hc.client5.http.impl.classic.RedirectExec.execute(RedirectExec.java:110) ~[httpclient5-5.5.2.jar:5.5.2]
	at org.apache.hc.client5.http.impl.classic.ExecChainElement.execute(ExecChainElement.java:51) ~[httpclient5-5.5.2.jar:5.5.2]
	at org.apache.hc.client5.http.impl.classic.InternalHttpClient.doExecute(InternalHttpClient.java:185) ~[httpclient5-5.5.2.jar:5.5.2]
	at org.apache.hc.client5.http.impl.classic.CloseableHttpClient.execute(CloseableHttpClient.java:87) ~[httpclient5-5.5.2.jar:5.5.2]
	at org.apache.hc.client5.http.impl.classic.CloseableHttpClient.execute(CloseableHttpClient.java:55) ~[httpclient5-5.5.2.jar:5.5.2]
	at org.apache.hc.client5.http.classic.HttpClient.executeOpen(HttpClient.java:183) ~[httpclient5-5.5.2.jar:5.5.2]
	at org.springframework.http.client.HttpComponentsClientHttpRequest.executeInternal(HttpComponentsClientHttpRequest.java:99) ~[spring-web-6.2.19.jar:6.2.19]
	at org.springframework.http.client.AbstractStreamingClientHttpRequest.executeInternal(AbstractStreamingClientHttpRequest.java:88) ~[spring-web-6.2.19.jar:6.2.19]
	at org.springframework.http.client.AbstractClientHttpRequest.execute(AbstractClientHttpRequest.java:81) ~[spring-web-6.2.19.jar:6.2.19]
	at org.springframework.http.client.InterceptingClientHttpRequest$InterceptingRequestExecution.execute(InterceptingClientHttpRequest.java:117) ~[spring-web-6.2.19.jar:6.2.19]
	at org.springframework.cloud.netflix.eureka.http.RestTemplateTransportClientFactory.lambda$restTemplate$2(RestTemplateTransportClientFactory.java:145) ~[spring-cloud-netflix-eureka-client-4.3.3.jar:4.3.3]
	at org.springframework.http.client.InterceptingClientHttpRequest$InterceptingRequestExecution.execute(InterceptingClientHttpRequest.java:88) ~[spring-web-6.2.19.jar:6.2.19]
	at org.springframework.http.client.InterceptingClientHttpRequest.executeInternal(InterceptingClientHttpRequest.java:72) ~[spring-web-6.2.19.jar:6.2.19]
	at org.springframework.http.client.AbstractBufferingClientHttpRequest.executeInternal(AbstractBufferingClientHttpRequest.java:48) ~[spring-web-6.2.19.jar:6.2.19]
	at org.springframework.http.client.AbstractClientHttpRequest.execute(AbstractClientHttpRequest.java:81) ~[spring-web-6.2.19.jar:6.2.19]
	at org.springframework.web.client.RestTemplate.doExecute(RestTemplate.java:900) ~[spring-web-6.2.19.jar:6.2.19]
	... 65 common frames omitted

2026-07-14T17:18:32.535+05:30  WARN 26852 --- [admin-server] [           main] c.n.d.s.t.d.RetryableEurekaHttpClient    : Request execution failed with message: I/O error on GET request for "http://localhost:8761/eureka/apps/": Connect to http://localhost:8761 failed: Connection refused: getsockopt
2026-07-14T17:18:32.535+05:30  INFO 26852 --- [admin-server] [           main] com.netflix.discovery.DiscoveryClient    : DiscoveryClient_ADMIN-SERVER/HDLCAMPUS15253.Virtusa.com:admin-server:8090 - was unable to refresh its cache! This periodic background refresh will be retried in 30 seconds. status = Cannot execute request on any known server

com.netflix.discovery.shared.transport.TransportException: Cannot execute request on any known server
	at com.netflix.discovery.shared.transport.decorator.RetryableEurekaHttpClient.execute(RetryableEurekaHttpClient.java:112) ~[eureka-client-2.0.6.jar:2.0.6]
	at com.netflix.discovery.shared.transport.decorator.EurekaHttpClientDecorator.getApplications(EurekaHttpClientDecorator.java:134) ~[eureka-client-2.0.6.jar:2.0.6]
	at com.netflix.discovery.shared.transport.decorator.EurekaHttpClientDecorator$6.execute(EurekaHttpClientDecorator.java:137) ~[eureka-client-2.0.6.jar:2.0.6]
	at com.netflix.discovery.shared.transport.decorator.SessionedEurekaHttpClient.execute(SessionedEurekaHttpClient.java:76) ~[eureka-client-2.0.6.jar:2.0.6]
	at com.netflix.discovery.shared.transport.decorator.EurekaHttpClientDecorator.getApplications(EurekaHttpClientDecorator.java:134) ~[eureka-client-2.0.6.jar:2.0.6]
	at com.netflix.discovery.DiscoveryClient.getAndStoreFullRegistry(DiscoveryClient.java:1061) ~[eureka-client-2.0.6.jar:2.0.6]
	at com.netflix.discovery.DiscoveryClient.fetchRegistry(DiscoveryClient.java:976) ~[eureka-client-2.0.6.jar:2.0.6]
	at com.netflix.discovery.DiscoveryClient.<init>(DiscoveryClient.java:419) ~[eureka-client-2.0.6.jar:2.0.6]
	at com.netflix.discovery.DiscoveryClient.<init>(DiscoveryClient.java:254) ~[eureka-client-2.0.6.jar:2.0.6]
	at com.netflix.discovery.DiscoveryClient.<init>(DiscoveryClient.java:249) ~[eureka-client-2.0.6.jar:2.0.6]
	at org.springframework.cloud.netflix.eureka.CloudEurekaClient.<init>(CloudEurekaClient.java:68) ~[spring-cloud-netflix-eureka-client-4.3.3.jar:4.3.3]
	at org.springframework.cloud.netflix.eureka.EurekaClientAutoConfiguration$RefreshableEurekaClientConfiguration.eurekaClient(EurekaClientAutoConfiguration.java:324) ~[spring-cloud-netflix-eureka-client-4.3.3.jar:4.3.3]
	at java.base/jdk.internal.reflect.DirectMethodHandleAccessor.invoke(DirectMethodHandleAccessor.java:104) ~[na:na]
	at java.base/java.lang.reflect.Method.invoke(Method.java:565) ~[na:na]
	at org.springframework.beans.factory.support.SimpleInstantiationStrategy.lambda$instantiate$0(SimpleInstantiationStrategy.java:172) ~[spring-beans-6.2.19.jar:6.2.19]
	at org.springframework.beans.factory.support.SimpleInstantiationStrategy.instantiateWithFactoryMethod(SimpleInstantiationStrategy.java:89) ~[spring-beans-6.2.19.jar:6.2.19]
	at org.springframework.beans.factory.support.SimpleInstantiationStrategy.instantiate(SimpleInstantiationStrategy.java:169) ~[spring-beans-6.2.19.jar:6.2.19]
	at org.springframework.beans.factory.support.ConstructorResolver.instantiate(ConstructorResolver.java:653) ~[spring-beans-6.2.19.jar:6.2.19]
	at org.springframework.beans.factory.support.ConstructorResolver.instantiateUsingFactoryMethod(ConstructorResolver.java:645) ~[spring-beans-6.2.19.jar:6.2.19]
	at org.springframework.beans.factory.support.AbstractAutowireCapableBeanFactory.instantiateUsingFactoryMethod(AbstractAutowireCapableBeanFactory.java:1373) ~[spring-beans-6.2.19.jar:6.2.19]
	at org.springframework.beans.factory.support.AbstractAutowireCapableBeanFactory.createBeanInstance(AbstractAutowireCapableBeanFactory.java:1203) ~[spring-beans-6.2.19.jar:6.2.19]
	at org.springframework.beans.factory.support.AbstractAutowireCapableBeanFactory.doCreateBean(AbstractAutowireCapableBeanFactory.java:569) ~[spring-beans-6.2.19.jar:6.2.19]
	at org.springframework.beans.factory.support.AbstractAutowireCapableBeanFactory.createBean(AbstractAutowireCapableBeanFactory.java:529) ~[spring-beans-6.2.19.jar:6.2.19]
	at org.springframework.beans.factory.support.AbstractBeanFactory.lambda$doGetBean$1(AbstractBeanFactory.java:378) ~[spring-beans-6.2.19.jar:6.2.19]
	at org.springframework.cloud.context.scope.GenericScope$BeanLifecycleWrapper.getBean(GenericScope.java:373) ~[spring-cloud-context-4.3.3.jar:4.3.3]
	at org.springframework.cloud.context.scope.GenericScope.get(GenericScope.java:177) ~[spring-cloud-context-4.3.3.jar:4.3.3]
	at org.springframework.beans.factory.support.AbstractBeanFactory.doGetBean(AbstractBeanFactory.java:375) ~[spring-beans-6.2.19.jar:6.2.19]
	at org.springframework.beans.factory.support.AbstractBeanFactory.getBean(AbstractBeanFactory.java:202) ~[spring-beans-6.2.19.jar:6.2.19]
	at org.springframework.aop.target.SimpleBeanTargetSource.getTarget(SimpleBeanTargetSource.java:35) ~[spring-aop-6.2.19.jar:6.2.19]
	at org.springframework.cloud.netflix.eureka.serviceregistry.EurekaRegistration.getTargetObject(EurekaRegistration.java:128) ~[spring-cloud-netflix-eureka-client-4.3.3.jar:4.3.3]
	at org.springframework.cloud.netflix.eureka.serviceregistry.EurekaRegistration.getEurekaClient(EurekaRegistration.java:116) ~[spring-cloud-netflix-eureka-client-4.3.3.jar:4.3.3]
	at java.base/jdk.internal.reflect.DirectMethodHandleAccessor.invoke(DirectMethodHandleAccessor.java:104) ~[na:na]
	at java.base/java.lang.reflect.Method.invoke(Method.java:565) ~[na:na]
	at org.springframework.util.ReflectionUtils.invokeMethod(ReflectionUtils.java:281) ~[spring-core-6.2.19.jar:6.2.19]
	at org.springframework.cloud.context.scope.GenericScope$LockedScopedProxyFactoryBean.invoke(GenericScope.java:480) ~[spring-cloud-context-4.3.3.jar:4.3.3]
	at org.springframework.aop.framework.ReflectiveMethodInvocation.proceed(ReflectiveMethodInvocation.java:184) ~[spring-aop-6.2.19.jar:6.2.19]
	at org.springframework.aop.framework.CglibAopProxy$DynamicAdvisedInterceptor.intercept(CglibAopProxy.java:728) ~[spring-aop-6.2.19.jar:6.2.19]
	at org.springframework.cloud.netflix.eureka.serviceregistry.EurekaRegistration$$SpringCGLIB$$0.getEurekaClient(<generated>) ~[spring-cloud-netflix-eureka-client-4.3.3.jar:4.3.3]
	at org.springframework.cloud.netflix.eureka.serviceregistry.EurekaServiceRegistry.maybeInitializeClient(EurekaServiceRegistry.java:83) ~[spring-cloud-netflix-eureka-client-4.3.3.jar:4.3.3]
	at org.springframework.cloud.netflix.eureka.serviceregistry.EurekaServiceRegistry.register(EurekaServiceRegistry.java:66) ~[spring-cloud-netflix-eureka-client-4.3.3.jar:4.3.3]
	at org.springframework.cloud.netflix.eureka.serviceregistry.EurekaAutoServiceRegistration.start(EurekaAutoServiceRegistration.java:89) ~[spring-cloud-netflix-eureka-client-4.3.3.jar:4.3.3]
	at org.springframework.context.support.DefaultLifecycleProcessor.doStart(DefaultLifecycleProcessor.java:405) ~[spring-context-6.2.19.jar:6.2.19]
	at org.springframework.context.support.DefaultLifecycleProcessor.doStart(DefaultLifecycleProcessor.java:394) ~[spring-context-6.2.19.jar:6.2.19]
	at org.springframework.context.support.DefaultLifecycleProcessor$LifecycleGroup.start(DefaultLifecycleProcessor.java:586) ~[spring-context-6.2.19.jar:6.2.19]
	at java.base/java.lang.Iterable.forEach(Iterable.java:75) ~[na:na]
	at org.springframework.context.support.DefaultLifecycleProcessor.startBeans(DefaultLifecycleProcessor.java:364) ~[spring-context-6.2.19.jar:6.2.19]
	at org.springframework.context.support.DefaultLifecycleProcessor.onRefresh(DefaultLifecycleProcessor.java:310) ~[spring-context-6.2.19.jar:6.2.19]
	at org.springframework.context.support.AbstractApplicationContext.finishRefresh(AbstractApplicationContext.java:1010) ~[spring-context-6.2.19.jar:6.2.19]
	at org.springframework.context.support.AbstractApplicationContext.refresh(AbstractApplicationContext.java:631) ~[spring-context-6.2.19.jar:6.2.19]
	at org.springframework.boot.web.servlet.context.ServletWebServerApplicationContext.refresh(ServletWebServerApplicationContext.java:146) ~[spring-boot-3.5.16.jar:3.5.16]
	at org.springframework.boot.SpringApplication.refresh(SpringApplication.java:752) ~[spring-boot-3.5.16.jar:3.5.16]
	at org.springframework.boot.SpringApplication.refreshContext(SpringApplication.java:439) ~[spring-boot-3.5.16.jar:3.5.16]
	at org.springframework.boot.SpringApplication.run(SpringApplication.java:318) ~[spring-boot-3.5.16.jar:3.5.16]
	at org.springframework.boot.SpringApplication.run(SpringApplication.java:1361) ~[spring-boot-3.5.16.jar:3.5.16]
	at org.springframework.boot.SpringApplication.run(SpringApplication.java:1350) ~[spring-boot-3.5.16.jar:3.5.16]
	at com.inventory.adminserver.AdminServerApplication.main(AdminServerApplication.java:14) ~[classes/:na]

2026-07-14T17:18:32.536+05:30  INFO 26852 --- [admin-server] [           main] com.netflix.discovery.DiscoveryClient    : Initial registry fetch from primary servers failed
2026-07-14T17:18:32.536+05:30  WARN 26852 --- [admin-server] [           main] com.netflix.discovery.DiscoveryClient    : Using default backup registry implementation which does not do anything.
2026-07-14T17:18:32.537+05:30  INFO 26852 --- [admin-server] [           main] com.netflix.discovery.DiscoveryClient    : Initial registry fetch from backup servers failed
2026-07-14T17:18:32.537+05:30  INFO 26852 --- [admin-server] [           main] com.netflix.discovery.DiscoveryClient    : Starting heartbeat executor: renew interval is: 30
2026-07-14T17:18:32.540+05:30  INFO 26852 --- [admin-server] [           main] c.n.discovery.InstanceInfoReplicator     : InstanceInfoReplicator onDemand update allowed rate per min is 4
2026-07-14T17:18:32.542+05:30  INFO 26852 --- [admin-server] [           main] com.netflix.discovery.DiscoveryClient    : Discovery Client initialized at timestamp 1784029712541 with initial instances count: 0
2026-07-14T17:18:32.548+05:30  INFO 26852 --- [admin-server] [           main] o.s.c.n.e.s.EurekaServiceRegistry        : Registering application ADMIN-SERVER with eureka with status UP
2026-07-14T17:18:32.548+05:30  INFO 26852 --- [admin-server] [           main] com.netflix.discovery.DiscoveryClient    : Saw local status change event StatusChangeEvent [timestamp=1784029712548, current=UP, previous=STARTING]
2026-07-14T17:18:32.550+05:30  INFO 26852 --- [admin-server] [foReplicator-%d] com.netflix.discovery.DiscoveryClient    : DiscoveryClient_ADMIN-SERVER/HDLCAMPUS15253.Virtusa.com:admin-server:8090: registering service...
2026-07-14T17:18:32.592+05:30  INFO 26852 --- [admin-server] [           main] o.s.b.w.embedded.tomcat.TomcatWebServer  : Tomcat started on port 8090 (http) with context path '/'
2026-07-14T17:18:32.595+05:30  INFO 26852 --- [admin-server] [           main] .s.c.n.e.s.EurekaAutoServiceRegistration : Updating port to 8090
2026-07-14T17:18:32.621+05:30  INFO 26852 --- [admin-server] [foReplicator-%d] c.n.d.s.t.d.RedirectingEurekaHttpClient  : Request execution error. endpoint=DefaultEndpoint{ serviceUrl='http://localhost:8761/eureka/}, exception=I/O error on POST request for "http://localhost:8761/eureka/apps/ADMIN-SERVER": Connect to http://localhost:8761 failed: Connection refused: getsockopt

org.springframework.web.client.ResourceAccessException: I/O error on POST request for "http://localhost:8761/eureka/apps/ADMIN-SERVER": Connect to http://localhost:8761 failed: Connection refused: getsockopt
	at org.springframework.web.client.RestTemplate.createResourceAccessException(RestTemplate.java:926) ~[spring-web-6.2.19.jar:6.2.19]
	at org.springframework.web.client.RestTemplate.doExecute(RestTemplate.java:906) ~[spring-web-6.2.19.jar:6.2.19]
	at org.springframework.web.client.RestTemplate.execute(RestTemplate.java:841) ~[spring-web-6.2.19.jar:6.2.19]
	at org.springframework.web.client.RestTemplate.exchange(RestTemplate.java:702) ~[spring-web-6.2.19.jar:6.2.19]
	at org.springframework.cloud.netflix.eureka.http.RestTemplateEurekaHttpClient.register(RestTemplateEurekaHttpClient.java:87) ~[spring-cloud-netflix-eureka-client-4.3.3.jar:4.3.3]
	at com.netflix.discovery.shared.transport.decorator.EurekaHttpClientDecorator$1.execute(EurekaHttpClientDecorator.java:59) ~[eureka-client-2.0.6.jar:2.0.6]
	at com.netflix.discovery.shared.transport.decorator.RedirectingEurekaHttpClient.executeOnNewServer(RedirectingEurekaHttpClient.java:120) ~[eureka-client-2.0.6.jar:2.0.6]
	at com.netflix.discovery.shared.transport.decorator.RedirectingEurekaHttpClient.execute(RedirectingEurekaHttpClient.java:79) ~[eureka-client-2.0.6.jar:2.0.6]
	at com.netflix.discovery.shared.transport.decorator.EurekaHttpClientDecorator.register(EurekaHttpClientDecorator.java:56) ~[eureka-client-2.0.6.jar:2.0.6]
	at com.netflix.discovery.shared.transport.decorator.EurekaHttpClientDecorator$1.execute(EurekaHttpClientDecorator.java:59) ~[eureka-client-2.0.6.jar:2.0.6]
	at com.netflix.discovery.shared.transport.decorator.RetryableEurekaHttpClient.execute(RetryableEurekaHttpClient.java:120) ~[eureka-client-2.0.6.jar:2.0.6]
	at com.netflix.discovery.shared.transport.decorator.EurekaHttpClientDecorator.register(EurekaHttpClientDecorator.java:56) ~[eureka-client-2.0.6.jar:2.0.6]
	at com.netflix.discovery.shared.transport.decorator.EurekaHttpClientDecorator$1.execute(EurekaHttpClientDecorator.java:59) ~[eureka-client-2.0.6.jar:2.0.6]
	at com.netflix.discovery.shared.transport.decorator.SessionedEurekaHttpClient.execute(SessionedEurekaHttpClient.java:76) ~[eureka-client-2.0.6.jar:2.0.6]
	at com.netflix.discovery.shared.transport.decorator.EurekaHttpClientDecorator.register(EurekaHttpClientDecorator.java:56) ~[eureka-client-2.0.6.jar:2.0.6]
	at com.netflix.discovery.DiscoveryClient.register(DiscoveryClient.java:843) ~[eureka-client-2.0.6.jar:2.0.6]
	at com.netflix.discovery.InstanceInfoReplicator.run(InstanceInfoReplicator.java:125) ~[eureka-client-2.0.6.jar:2.0.6]
	at com.netflix.discovery.InstanceInfoReplicator$2.run(InstanceInfoReplicator.java:105) ~[eureka-client-2.0.6.jar:2.0.6]
	at java.base/java.util.concurrent.Executors$RunnableAdapter.call(Executors.java:545) ~[na:na]
	at java.base/java.util.concurrent.FutureTask.run(FutureTask.java:328) ~[na:na]
	at java.base/java.util.concurrent.ScheduledThreadPoolExecutor$ScheduledFutureTask.run(ScheduledThreadPoolExecutor.java:309) ~[na:na]
	at java.base/java.util.concurrent.ThreadPoolExecutor.runWorker(ThreadPoolExecutor.java:1090) ~[na:na]
	at java.base/java.util.concurrent.ThreadPoolExecutor$Worker.run(ThreadPoolExecutor.java:614) ~[na:na]
	at java.base/java.lang.Thread.run(Thread.java:1474) ~[na:na]
Caused by: org.apache.hc.client5.http.HttpHostConnectException: Connect to http://localhost:8761 failed: Connection refused: getsockopt
	at java.base/sun.nio.ch.Net.pollConnect(Native Method) ~[na:na]
	at java.base/sun.nio.ch.Net.pollConnectNow(Net.java:639) ~[na:na]
	at java.base/sun.nio.ch.NioSocketImpl.timedFinishConnect(NioSocketImpl.java:543) ~[na:na]
	at java.base/sun.nio.ch.NioSocketImpl.connect(NioSocketImpl.java:594) ~[na:na]
	at java.base/java.net.SocksSocketImpl.connect(SocksSocketImpl.java:284) ~[na:na]
	at java.base/java.net.Socket.connect(Socket.java:659) ~[na:na]
	at org.apache.hc.client5.http.impl.io.DefaultHttpClientConnectionOperator.connect(DefaultHttpClientConnectionOperator.java:226) ~[httpclient5-5.5.2.jar:5.5.2]
	at org.apache.hc.client5.http.impl.io.PoolingHttpClientConnectionManager.connect(PoolingHttpClientConnectionManager.java:497) ~[httpclient5-5.5.2.jar:5.5.2]
	at org.apache.hc.client5.http.impl.classic.InternalExecRuntime.connectEndpoint(InternalExecRuntime.java:164) ~[httpclient5-5.5.2.jar:5.5.2]
	at org.apache.hc.client5.http.impl.classic.InternalExecRuntime.connectEndpoint(InternalExecRuntime.java:174) ~[httpclient5-5.5.2.jar:5.5.2]
	at org.apache.hc.client5.http.impl.classic.ConnectExec.execute(ConnectExec.java:144) ~[httpclient5-5.5.2.jar:5.5.2]
	at org.apache.hc.client5.http.impl.classic.ExecChainElement.execute(ExecChainElement.java:51) ~[httpclient5-5.5.2.jar:5.5.2]
	at org.apache.hc.client5.http.impl.classic.ProtocolExec.execute(ProtocolExec.java:195) ~[httpclient5-5.5.2.jar:5.5.2]
	at org.apache.hc.client5.http.impl.classic.ExecChainElement.execute(ExecChainElement.java:51) ~[httpclient5-5.5.2.jar:5.5.2]
	at org.apache.hc.client5.http.impl.classic.ContentCompressionExec.execute(ContentCompressionExec.java:168) ~[httpclient5-5.5.2.jar:5.5.2]
	at org.apache.hc.client5.http.impl.classic.ExecChainElement.execute(ExecChainElement.java:51) ~[httpclient5-5.5.2.jar:5.5.2]
	at org.apache.hc.client5.http.impl.classic.HttpRequestRetryExec.execute(HttpRequestRetryExec.java:112) ~[httpclient5-5.5.2.jar:5.5.2]
	at org.apache.hc.client5.http.impl.classic.ExecChainElement.execute(ExecChainElement.java:51) ~[httpclient5-5.5.2.jar:5.5.2]
	at org.apache.hc.client5.http.impl.classic.RedirectExec.execute(RedirectExec.java:110) ~[httpclient5-5.5.2.jar:5.5.2]
	at org.apache.hc.client5.http.impl.classic.ExecChainElement.execute(ExecChainElement.java:51) ~[httpclient5-5.5.2.jar:5.5.2]
	at org.apache.hc.client5.http.impl.classic.InternalHttpClient.doExecute(InternalHttpClient.java:185) ~[httpclient5-5.5.2.jar:5.5.2]
	at org.apache.hc.client5.http.impl.classic.CloseableHttpClient.execute(CloseableHttpClient.java:87) ~[httpclient5-5.5.2.jar:5.5.2]
	at org.apache.hc.client5.http.impl.classic.CloseableHttpClient.execute(CloseableHttpClient.java:55) ~[httpclient5-5.5.2.jar:5.5.2]
	at org.apache.hc.client5.http.classic.HttpClient.executeOpen(HttpClient.java:183) ~[httpclient5-5.5.2.jar:5.5.2]
	at org.springframework.http.client.HttpComponentsClientHttpRequest.executeInternal(HttpComponentsClientHttpRequest.java:99) ~[spring-web-6.2.19.jar:6.2.19]
	at org.springframework.http.client.AbstractStreamingClientHttpRequest.executeInternal(AbstractStreamingClientHttpRequest.java:88) ~[spring-web-6.2.19.jar:6.2.19]
	at org.springframework.http.client.AbstractClientHttpRequest.execute(AbstractClientHttpRequest.java:81) ~[spring-web-6.2.19.jar:6.2.19]
	at org.springframework.http.client.InterceptingClientHttpRequest$InterceptingRequestExecution.execute(InterceptingClientHttpRequest.java:117) ~[spring-web-6.2.19.jar:6.2.19]
	at org.springframework.cloud.netflix.eureka.http.RestTemplateTransportClientFactory.lambda$restTemplate$2(RestTemplateTransportClientFactory.java:145) ~[spring-cloud-netflix-eureka-client-4.3.3.jar:4.3.3]
	at org.springframework.http.client.InterceptingClientHttpRequest$InterceptingRequestExecution.execute(InterceptingClientHttpRequest.java:88) ~[spring-web-6.2.19.jar:6.2.19]
	at org.springframework.http.client.InterceptingClientHttpRequest.executeInternal(InterceptingClientHttpRequest.java:72) ~[spring-web-6.2.19.jar:6.2.19]
	at org.springframework.http.client.AbstractBufferingClientHttpRequest.executeInternal(AbstractBufferingClientHttpRequest.java:48) ~[spring-web-6.2.19.jar:6.2.19]
	at org.springframework.http.client.AbstractClientHttpRequest.execute(AbstractClientHttpRequest.java:81) ~[spring-web-6.2.19.jar:6.2.19]
	at org.springframework.web.client.RestTemplate.doExecute(RestTemplate.java:900) ~[spring-web-6.2.19.jar:6.2.19]
	... 22 common frames omitted

2026-07-14T17:18:32.622+05:30  WARN 26852 --- [admin-server] [foReplicator-%d] c.n.d.s.t.d.RetryableEurekaHttpClient    : Request execution failed with message: I/O error on POST request for "http://localhost:8761/eureka/apps/ADMIN-SERVER": Connect to http://localhost:8761 failed: Connection refused: getsockopt
2026-07-14T17:18:32.623+05:30  WARN 26852 --- [admin-server] [foReplicator-%d] com.netflix.discovery.DiscoveryClient    : DiscoveryClient_ADMIN-SERVER/HDLCAMPUS15253.Virtusa.com:admin-server:8090 - registration failed Cannot execute request on any known server

com.netflix.discovery.shared.transport.TransportException: Cannot execute request on any known server
	at com.netflix.discovery.shared.transport.decorator.RetryableEurekaHttpClient.execute(RetryableEurekaHttpClient.java:112) ~[eureka-client-2.0.6.jar:2.0.6]
	at com.netflix.discovery.shared.transport.decorator.EurekaHttpClientDecorator.register(EurekaHttpClientDecorator.java:56) ~[eureka-client-2.0.6.jar:2.0.6]
	at com.netflix.discovery.shared.transport.decorator.EurekaHttpClientDecorator$1.execute(EurekaHttpClientDecorator.java:59) ~[eureka-client-2.0.6.jar:2.0.6]
	at com.netflix.discovery.shared.transport.decorator.SessionedEurekaHttpClient.execute(SessionedEurekaHttpClient.java:76) ~[eureka-client-2.0.6.jar:2.0.6]
	at com.netflix.discovery.shared.transport.decorator.EurekaHttpClientDecorator.register(EurekaHttpClientDecorator.java:56) ~[eureka-client-2.0.6.jar:2.0.6]
	at com.netflix.discovery.DiscoveryClient.register(DiscoveryClient.java:843) ~[eureka-client-2.0.6.jar:2.0.6]
	at com.netflix.discovery.InstanceInfoReplicator.run(InstanceInfoReplicator.java:125) ~[eureka-client-2.0.6.jar:2.0.6]
	at com.netflix.discovery.InstanceInfoReplicator$2.run(InstanceInfoReplicator.java:105) ~[eureka-client-2.0.6.jar:2.0.6]
	at java.base/java.util.concurrent.Executors$RunnableAdapter.call(Executors.java:545) ~[na:na]
	at java.base/java.util.concurrent.FutureTask.run(FutureTask.java:328) ~[na:na]
	at java.base/java.util.concurrent.ScheduledThreadPoolExecutor$ScheduledFutureTask.run(ScheduledThreadPoolExecutor.java:309) ~[na:na]
	at java.base/java.util.concurrent.ThreadPoolExecutor.runWorker(ThreadPoolExecutor.java:1090) ~[na:na]
	at java.base/java.util.concurrent.ThreadPoolExecutor$Worker.run(ThreadPoolExecutor.java:614) ~[na:na]
	at java.base/java.lang.Thread.run(Thread.java:1474) ~[na:na]

2026-07-14T17:18:32.623+05:30  WARN 26852 --- [admin-server] [foReplicator-%d] c.n.discovery.InstanceInfoReplicator     : There was a problem with the instance info replicator

com.netflix.discovery.shared.transport.TransportException: Cannot execute request on any known server
	at com.netflix.discovery.shared.transport.decorator.RetryableEurekaHttpClient.execute(RetryableEurekaHttpClient.java:112) ~[eureka-client-2.0.6.jar:2.0.6]
	at com.netflix.discovery.shared.transport.decorator.EurekaHttpClientDecorator.register(EurekaHttpClientDecorator.java:56) ~[eureka-client-2.0.6.jar:2.0.6]
	at com.netflix.discovery.shared.transport.decorator.EurekaHttpClientDecorator$1.execute(EurekaHttpClientDecorator.java:59) ~[eureka-client-2.0.6.jar:2.0.6]
	at com.netflix.discovery.shared.transport.decorator.SessionedEurekaHttpClient.execute(SessionedEurekaHttpClient.java:76) ~[eureka-client-2.0.6.jar:2.0.6]
	at com.netflix.discovery.shared.transport.decorator.EurekaHttpClientDecorator.register(EurekaHttpClientDecorator.java:56) ~[eureka-client-2.0.6.jar:2.0.6]
	at com.netflix.discovery.DiscoveryClient.register(DiscoveryClient.java:843) ~[eureka-client-2.0.6.jar:2.0.6]
	at com.netflix.discovery.InstanceInfoReplicator.run(InstanceInfoReplicator.java:125) ~[eureka-client-2.0.6.jar:2.0.6]
	at com.netflix.discovery.InstanceInfoReplicator$2.run(InstanceInfoReplicator.java:105) ~[eureka-client-2.0.6.jar:2.0.6]
	at java.base/java.util.concurrent.Executors$RunnableAdapter.call(Executors.java:545) ~[na:na]
	at java.base/java.util.concurrent.FutureTask.run(FutureTask.java:328) ~[na:na]
	at java.base/java.util.concurrent.ScheduledThreadPoolExecutor$ScheduledFutureTask.run(ScheduledThreadPoolExecutor.java:309) ~[na:na]
	at java.base/java.util.concurrent.ThreadPoolExecutor.runWorker(ThreadPoolExecutor.java:1090) ~[na:na]
	at java.base/java.util.concurrent.ThreadPoolExecutor$Worker.run(ThreadPoolExecutor.java:614) ~[na:na]
	at java.base/java.lang.Thread.run(Thread.java:1474) ~[na:na]

2026-07-14T17:18:32.632+05:30  INFO 26852 --- [admin-server] [           main] c.i.adminserver.AdminServerApplication   : Started AdminServerApplication in 9.787 seconds (process running for 11.406)
2026-07-14T17:18:34.503+05:30  INFO 26852 --- [admin-server] [nio-8090-exec-2] o.a.c.c.C.[Tomcat].[localhost].[/]       : Initializing Spring DispatcherServlet 'dispatcherServlet'
2026-07-14T17:18:34.503+05:30  INFO 26852 --- [admin-server] [nio-8090-exec-2] o.s.web.servlet.DispatcherServlet        : Initializing Servlet 'dispatcherServlet'
2026-07-14T17:18:34.505+05:30  INFO 26852 --- [admin-server] [nio-8090-exec-2] o.s.web.servlet.DispatcherServlet        : Completed initialization in 2 ms
2026-07-14T17:19:02.545+05:30  INFO 26852 --- [admin-server] [reshExecutor-%d] com.netflix.discovery.DiscoveryClient    : Disable delta property : false
2026-07-14T17:19:02.546+05:30  INFO 26852 --- [admin-server] [reshExecutor-%d] com.netflix.discovery.DiscoveryClient    : Single vip registry refresh property : null
2026-07-14T17:19:02.546+05:30  INFO 26852 --- [admin-server] [reshExecutor-%d] com.netflix.discovery.DiscoveryClient    : Force full registry fetch : false
2026-07-14T17:19:02.546+05:30  INFO 26852 --- [admin-server] [reshExecutor-%d] com.netflix.discovery.DiscoveryClient    : Application is null : false
2026-07-14T17:19:02.547+05:30  INFO 26852 --- [admin-server] [reshExecutor-%d] com.netflix.discovery.DiscoveryClient    : Registered Applications size is zero : true
2026-07-14T17:19:02.547+05:30  INFO 26852 --- [admin-server] [reshExecutor-%d] com.netflix.discovery.DiscoveryClient    : Application version is -1: true
2026-07-14T17:19:02.547+05:30  INFO 26852 --- [admin-server] [reshExecutor-%d] com.netflix.discovery.DiscoveryClient    : Getting all instance registry info from the eureka server
2026-07-14T17:19:02.638+05:30  INFO 26852 --- [admin-server] [foReplicator-%d] com.netflix.discovery.DiscoveryClient    : DiscoveryClient_ADMIN-SERVER/HDLCAMPUS15253.Virtusa.com:admin-server:8090: registering service...
2026-07-14T17:19:02.663+05:30  INFO 26852 --- [admin-server] [reshExecutor-%d] com.netflix.discovery.DiscoveryClient    : The response status is 200
2026-07-14T17:19:02.669+05:30  INFO 26852 --- [admin-server] [foReplicator-%d] com.netflix.discovery.DiscoveryClient    : DiscoveryClient_ADMIN-SERVER/HDLCAMPUS15253.Virtusa.com:admin-server:8090 - registration status: 204
2026-07-14T17:19:02.673+05:30  INFO 26852 --- [admin-server] [beatExecutor-%d] com.netflix.discovery.DiscoveryClient    : DiscoveryClient_ADMIN-SERVER/HDLCAMPUS15253.Virtusa.com:admin-server:8090 - Re-registering apps/ADMIN-SERVER
2026-07-14T17:19:02.674+05:30  INFO 26852 --- [admin-server] [beatExecutor-%d] com.netflix.discovery.DiscoveryClient    : DiscoveryClient_ADMIN-SERVER/HDLCAMPUS15253.Virtusa.com:admin-server:8090: registering service...
2026-07-14T17:19:02.690+05:30  INFO 26852 --- [admin-server] [beatExecutor-%d] com.netflix.discovery.DiscoveryClient    : DiscoveryClient_ADMIN-SERVER/HDLCAMPUS15253.Virtusa.com:admin-server:8090 - registration status: 204
2026-07-14T17:19:32.680+05:30  INFO 26852 --- [admin-server] [reshExecutor-%d] com.netflix.discovery.DiscoveryClient    : Disable delta property : false
2026-07-14T17:19:32.681+05:30  INFO 26852 --- [admin-server] [reshExecutor-%d] com.netflix.discovery.DiscoveryClient    : Single vip registry refresh property : null
2026-07-14T17:19:32.682+05:30  INFO 26852 --- [admin-server] [reshExecutor-%d] com.netflix.discovery.DiscoveryClient    : Force full registry fetch : false
2026-07-14T17:19:32.683+05:30  INFO 26852 --- [admin-server] [reshExecutor-%d] com.netflix.discovery.DiscoveryClient    : Application is null : false
2026-07-14T17:19:32.683+05:30  INFO 26852 --- [admin-server] [reshExecutor-%d] com.netflix.discovery.DiscoveryClient    : Registered Applications size is zero : true
2026-07-14T17:19:32.683+05:30  INFO 26852 --- [admin-server] [reshExecutor-%d] com.netflix.discovery.DiscoveryClient    : Application version is -1: false
2026-07-14T17:19:32.683+05:30  INFO 26852 --- [admin-server] [reshExecutor-%d] com.netflix.discovery.DiscoveryClient    : Getting all instance registry info from the eureka server
2026-07-14T17:19:32.830+05:30  INFO 26852 --- [admin-server] [reshExecutor-%d] com.netflix.discovery.DiscoveryClient    : The response status is 200
2026-07-14T18:01:04.548+05:30  WARN 26852 --- [admin-server] [     parallel-1] d.c.b.a.server.services.IntervalCheck    : Unexpected error in status-check

reactor.core.Exceptions$OverflowException: Could not emit tick 8 due to lack of requests (interval doesn't support small downstream requests that replenish slower than the ticks)
	at reactor.core.Exceptions.failWithOverflow(Exceptions.java:251) ~[reactor-core-3.7.19.jar:3.7.19]
	at reactor.core.publisher.FluxInterval$IntervalRunnable.run(FluxInterval.java:131) ~[reactor-core-3.7.19.jar:3.7.19]
	at reactor.core.scheduler.PeriodicWorkerTask.call(PeriodicWorkerTask.java:59) ~[reactor-core-3.7.19.jar:3.7.19]
	at reactor.core.scheduler.PeriodicWorkerTask.run(PeriodicWorkerTask.java:73) ~[reactor-core-3.7.19.jar:3.7.19]
	at java.base/java.util.concurrent.Executors$RunnableAdapter.call(Executors.java:545) ~[na:na]
	at java.base/java.util.concurrent.FutureTask.runAndReset(FutureTask.java:369) ~[na:na]
	at java.base/java.util.concurrent.ScheduledThreadPoolExecutor$ScheduledFutureTask.run(ScheduledThreadPoolExecutor.java:310) ~[na:na]
	at java.base/java.util.concurrent.ThreadPoolExecutor.runWorker(ThreadPoolExecutor.java:1090) ~[na:na]
	at java.base/java.util.concurrent.ThreadPoolExecutor$Worker.run(ThreadPoolExecutor.java:614) ~[na:na]
	at java.base/java.lang.Thread.run(Thread.java:1474) ~[na:na]

2026-07-14T18:04:47.982+05:30  WARN 26852 --- [admin-server] [     parallel-5] d.c.b.a.server.services.IntervalCheck    : Unexpected error in status-check

reactor.core.Exceptions$OverflowException: Could not emit tick 1 due to lack of requests (interval doesn't support small downstream requests that replenish slower than the ticks)
	at reactor.core.Exceptions.failWithOverflow(Exceptions.java:251) ~[reactor-core-3.7.19.jar:3.7.19]
	at reactor.core.publisher.FluxInterval$IntervalRunnable.run(FluxInterval.java:131) ~[reactor-core-3.7.19.jar:3.7.19]
	at reactor.core.scheduler.PeriodicWorkerTask.call(PeriodicWorkerTask.java:59) ~[reactor-core-3.7.19.jar:3.7.19]
	at reactor.core.scheduler.PeriodicWorkerTask.run(PeriodicWorkerTask.java:73) ~[reactor-core-3.7.19.jar:3.7.19]
	at java.base/java.util.concurrent.Executors$RunnableAdapter.call(Executors.java:545) ~[na:na]
	at java.base/java.util.concurrent.FutureTask.runAndReset(FutureTask.java:369) ~[na:na]
	at java.base/java.util.concurrent.ScheduledThreadPoolExecutor$ScheduledFutureTask.run(ScheduledThreadPoolExecutor.java:310) ~[na:na]
	at java.base/java.util.concurrent.ThreadPoolExecutor.runWorker(ThreadPoolExecutor.java:1090) ~[na:na]
	at java.base/java.util.concurrent.ThreadPoolExecutor$Worker.run(ThreadPoolExecutor.java:614) ~[na:na]
	at java.base/java.lang.Thread.run(Thread.java:1474) ~[na:na]

2026-07-14T21:04:04.680+05:30  WARN 26852 --- [admin-server] [     parallel-5] d.c.b.a.server.services.IntervalCheck    : Unexpected error in status-check

reactor.core.Exceptions$OverflowException: Could not emit tick 1 due to lack of requests (interval doesn't support small downstream requests that replenish slower than the ticks)
	at reactor.core.Exceptions.failWithOverflow(Exceptions.java:251) ~[reactor-core-3.7.19.jar:3.7.19]
	at reactor.core.publisher.FluxInterval$IntervalRunnable.run(FluxInterval.java:131) ~[reactor-core-3.7.19.jar:3.7.19]
	at reactor.core.scheduler.PeriodicWorkerTask.call(PeriodicWorkerTask.java:59) ~[reactor-core-3.7.19.jar:3.7.19]
	at reactor.core.scheduler.PeriodicWorkerTask.run(PeriodicWorkerTask.java:73) ~[reactor-core-3.7.19.jar:3.7.19]
	at java.base/java.util.concurrent.Executors$RunnableAdapter.call(Executors.java:545) ~[na:na]
	at java.base/java.util.concurrent.FutureTask.runAndReset(FutureTask.java:369) ~[na:na]
	at java.base/java.util.concurrent.ScheduledThreadPoolExecutor$ScheduledFutureTask.run(ScheduledThreadPoolExecutor.java:310) ~[na:na]
	at java.base/java.util.concurrent.ThreadPoolExecutor.runWorker(ThreadPoolExecutor.java:1090) ~[na:na]
	at java.base/java.util.concurrent.ThreadPoolExecutor$Worker.run(ThreadPoolExecutor.java:614) ~[na:na]
	at java.base/java.lang.Thread.run(Thread.java:1474) ~[na:na]

2026-07-14T21:04:18.952+05:30  WARN 26852 --- [admin-server] [     parallel-2] d.c.b.a.server.services.IntervalCheck    : Unexpected error in info-check

reactor.core.Exceptions$OverflowException: Could not emit tick 2 due to lack of requests (interval doesn't support small downstream requests that replenish slower than the ticks)
	at reactor.core.Exceptions.failWithOverflow(Exceptions.java:251) ~[reactor-core-3.7.19.jar:3.7.19]
	at reactor.core.publisher.FluxInterval$IntervalRunnable.run(FluxInterval.java:131) ~[reactor-core-3.7.19.jar:3.7.19]
	at reactor.core.scheduler.PeriodicWorkerTask.call(PeriodicWorkerTask.java:59) ~[reactor-core-3.7.19.jar:3.7.19]
	at reactor.core.scheduler.PeriodicWorkerTask.run(PeriodicWorkerTask.java:73) ~[reactor-core-3.7.19.jar:3.7.19]
	at java.base/java.util.concurrent.Executors$RunnableAdapter.call(Executors.java:545) ~[na:na]
	at java.base/java.util.concurrent.FutureTask.runAndReset(FutureTask.java:369) ~[na:na]
	at java.base/java.util.concurrent.ScheduledThreadPoolExecutor$ScheduledFutureTask.run(ScheduledThreadPoolExecutor.java:310) ~[na:na]
	at java.base/java.util.concurrent.ThreadPoolExecutor.runWorker(ThreadPoolExecutor.java:1090) ~[na:na]
	at java.base/java.util.concurrent.ThreadPoolExecutor$Worker.run(ThreadPoolExecutor.java:614) ~[na:na]
	at java.base/java.lang.Thread.run(Thread.java:1474) ~[na:na]

2026-07-14T21:04:18.951+05:30  WARN 26852 --- [admin-server] [ctor-http-nio-6] d.c.b.admin.server.services.InfoUpdater  : Couldn't retrieve info for Instance(id=253ea84dc190, version=2, registration=Registration(name=AUTH-SERVICE, managementUrl=http://10.4.242.81:8089/actuator, healthUrl=http://10.4.242.81:8089/actuator/health, serviceUrl=http://10.4.242.81:8089, source=discovery), registered=true, statusInfo=StatusInfo(status=UP, details={clientConfigServer={status=UP, details={propertySources=[configserver:file:/c:/Users/CHAKRADHARBATTULA/Desktop/inventory-management-test/inventory-config-repo/auth-service.yaml, configserver:file:/c:/Users/CHAKRADHARBATTULA/Desktop/inventory-management-test/inventory-config-repo/application.yaml, configClient]}}, diskSpace={status=UP, details={total=252839981056, free=94750248960, threshold=10485760, path=C:\Users\CHAKRADHARBATTULA\Desktop\inventory-management-test\auth-service\., exists=true}}, ping={status=UP}, discoveryComposite={status=UP, components={discoveryClient={status=UP, details={services=[]}}, eureka={description=Eureka discovery client has not yet successfully connected to a Eureka server, status=UP, details={applications={}}}}}, refreshScope={status=UP}, ssl={status=UP, details={validChains=[], invalidChains=[]}}, db={status=UP, details={database=MySQL, validationQuery=isValid()}}}), statusTimestamp=2026-07-14T11:49:34.445140300Z, info=Info(values={}), endpoints=Endpoints(endpoints={caches=Endpoint(id=caches, url=http://10.4.242.81:8089/actuator/caches), loggers=Endpoint(id=loggers, url=http://10.4.242.81:8089/actuator/loggers), health=Endpoint(id=health, url=http://10.4.242.81:8089/actuator/health), refresh=Endpoint(id=refresh, url=http://10.4.242.81:8089/actuator/refresh), env=Endpoint(id=env, url=http://10.4.242.81:8089/actuator/env), serviceregistry=Endpoint(id=serviceregistry, url=http://10.4.242.81:8089/actuator/serviceregistry), features=Endpoint(id=features, url=http://10.4.242.81:8089/actuator/features), scheduledtasks=Endpoint(id=scheduledtasks, url=http://10.4.242.81:8089/actuator/scheduledtasks), mappings=Endpoint(id=mappings, url=http://10.4.242.81:8089/actuator/mappings), beans=Endpoint(id=beans, url=http://10.4.242.81:8089/actuator/beans), configprops=Endpoint(id=configprops, url=http://10.4.242.81:8089/actuator/configprops), threaddump=Endpoint(id=threaddump, url=http://10.4.242.81:8089/actuator/threaddump), sbom=Endpoint(id=sbom, url=http://10.4.242.81:8089/actuator/sbom), prometheus=Endpoint(id=prometheus, url=http://10.4.242.81:8089/actuator/prometheus), metrics=Endpoint(id=metrics, url=http://10.4.242.81:8089/actuator/metrics), conditions=Endpoint(id=conditions, url=http://10.4.242.81:8089/actuator/conditions), info=Endpoint(id=info, url=http://10.4.242.81:8089/actuator/info)}), buildVersion=null, tags=Tags(values={}))

org.springframework.web.reactive.function.client.WebClientRequestException: Network is unreachable: getsockopt: /10.4.242.81:8089
	at org.springframework.web.reactive.function.client.ExchangeFunctions$DefaultExchangeFunction.lambda$wrapException$9(ExchangeFunctions.java:139) ~[spring-webflux-6.2.19.jar:6.2.19]
	Suppressed: The stacktrace has been enhanced by Reactor, refer to additional information below: 
Error has been observed at the following site(s):
	*__checkpoint ⇢ Request to GET info [DefaultWebClient]
Original Stack Trace:
		at org.springframework.web.reactive.function.client.ExchangeFunctions$DefaultExchangeFunction.lambda$wrapException$9(ExchangeFunctions.java:139) ~[spring-webflux-6.2.19.jar:6.2.19]
		at reactor.core.publisher.MonoErrorSupplied.subscribe(MonoErrorSupplied.java:55) ~[reactor-core-3.7.19.jar:3.7.19]
		at reactor.core.publisher.Mono.subscribe(Mono.java:4576) ~[reactor-core-3.7.19.jar:3.7.19]
		at reactor.core.publisher.FluxOnErrorResume$ResumeSubscriber.onError(FluxOnErrorResume.java:103) ~[reactor-core-3.7.19.jar:3.7.19]
		at reactor.core.publisher.FluxPeek$PeekSubscriber.onError(FluxPeek.java:222) ~[reactor-core-3.7.19.jar:3.7.19]
		at reactor.core.publisher.FluxPeek$PeekSubscriber.onError(FluxPeek.java:222) ~[reactor-core-3.7.19.jar:3.7.19]
		at reactor.core.publisher.FluxPeek$PeekSubscriber.onError(FluxPeek.java:222) ~[reactor-core-3.7.19.jar:3.7.19]
		at reactor.core.publisher.MonoNext$NextSubscriber.onError(MonoNext.java:93) ~[reactor-core-3.7.19.jar:3.7.19]
		at reactor.core.publisher.MonoFlatMapMany$FlatMapManyMain.onError(MonoFlatMapMany.java:205) ~[reactor-core-3.7.19.jar:3.7.19]
		at reactor.core.publisher.SerializedSubscriber.onError(SerializedSubscriber.java:124) ~[reactor-core-3.7.19.jar:3.7.19]
		at reactor.core.publisher.FluxRetryWhen$RetryWhenMainSubscriber.whenError(FluxRetryWhen.java:229) ~[reactor-core-3.7.19.jar:3.7.19]
		at reactor.core.publisher.FluxRetryWhen$RetryWhenOtherSubscriber.onError(FluxRetryWhen.java:279) ~[reactor-core-3.7.19.jar:3.7.19]
		at reactor.core.publisher.FluxContextWrite$ContextWriteSubscriber.onError(FluxContextWrite.java:121) ~[reactor-core-3.7.19.jar:3.7.19]
		at reactor.core.publisher.FluxConcatMapNoPrefetch$FluxConcatMapNoPrefetchSubscriber.maybeOnError(FluxConcatMapNoPrefetch.java:327) ~[reactor-core-3.7.19.jar:3.7.19]
		at reactor.core.publisher.FluxConcatMapNoPrefetch$FluxConcatMapNoPrefetchSubscriber.onNext(FluxConcatMapNoPrefetch.java:212) ~[reactor-core-3.7.19.jar:3.7.19]
		at reactor.core.publisher.FluxContextWrite$ContextWriteSubscriber.onNext(FluxContextWrite.java:107) ~[reactor-core-3.7.19.jar:3.7.19]
		at reactor.core.publisher.SinkManyEmitterProcessor.drain(SinkManyEmitterProcessor.java:476) ~[reactor-core-3.7.19.jar:3.7.19]
		at reactor.core.publisher.SinkManyEmitterProcessor$EmitterInner.drainParent(SinkManyEmitterProcessor.java:620) ~[reactor-core-3.7.19.jar:3.7.19]
		at reactor.core.publisher.FluxPublish$PubSubInner.request(FluxPublish.java:874) ~[reactor-core-3.7.19.jar:3.7.19]
		at reactor.core.publisher.FluxContextWrite$ContextWriteSubscriber.request(FluxContextWrite.java:136) ~[reactor-core-3.7.19.jar:3.7.19]
		at reactor.core.publisher.FluxConcatMapNoPrefetch$FluxConcatMapNoPrefetchSubscriber.request(FluxConcatMapNoPrefetch.java:337) ~[reactor-core-3.7.19.jar:3.7.19]
		at reactor.core.publisher.FluxContextWrite$ContextWriteSubscriber.request(FluxContextWrite.java:136) ~[reactor-core-3.7.19.jar:3.7.19]
		at reactor.core.publisher.Operators$DeferredSubscription.request(Operators.java:1742) ~[reactor-core-3.7.19.jar:3.7.19]
		at reactor.core.publisher.FluxRetryWhen$RetryWhenMainSubscriber.onError(FluxRetryWhen.java:196) ~[reactor-core-3.7.19.jar:3.7.19]
		at reactor.core.publisher.MonoCreate$DefaultMonoSink.error(MonoCreate.java:205) ~[reactor-core-3.7.19.jar:3.7.19]
		at reactor.netty.http.client.HttpClientConnect$MonoHttpConnect$ClientTransportSubscriber.onError(HttpClientConnect.java:333) ~[reactor-netty-http-1.2.18.jar:1.2.18]
		at reactor.core.publisher.MonoCreate$DefaultMonoSink.error(MonoCreate.java:205) ~[reactor-core-3.7.19.jar:3.7.19]
		at reactor.netty.resources.DefaultPooledConnectionProvider$DisposableAcquire.onError(DefaultPooledConnectionProvider.java:174) ~[reactor-netty-core-1.2.18.jar:1.2.18]
		at reactor.netty.internal.shaded.reactor.pool.AbstractPool$Borrower.fail(AbstractPool.java:495) ~[reactor-netty-core-1.2.18.jar:1.2.18]
		at reactor.netty.internal.shaded.reactor.pool.SimpleDequePool.lambda$drainLoop$9(SimpleDequePool.java:443) ~[reactor-netty-core-1.2.18.jar:1.2.18]
		at reactor.core.publisher.FluxDoOnEach$DoOnEachSubscriber.onError(FluxDoOnEach.java:186) ~[reactor-core-3.7.19.jar:3.7.19]
		at reactor.core.publisher.MonoCreate$DefaultMonoSink.error(MonoCreate.java:205) ~[reactor-core-3.7.19.jar:3.7.19]
		at reactor.netty.resources.DefaultPooledConnectionProvider$PooledConnectionAllocator$PooledConnectionInitializer.onError(DefaultPooledConnectionProvider.java:598) ~[reactor-netty-core-1.2.18.jar:1.2.18]
		at reactor.core.publisher.MonoFlatMap$FlatMapMain.secondError(MonoFlatMap.java:241) ~[reactor-core-3.7.19.jar:3.7.19]
		at reactor.core.publisher.MonoFlatMap$FlatMapInner.onError(MonoFlatMap.java:315) ~[reactor-core-3.7.19.jar:3.7.19]
		at reactor.core.publisher.FluxOnErrorResume$ResumeSubscriber.onError(FluxOnErrorResume.java:106) ~[reactor-core-3.7.19.jar:3.7.19]
		at reactor.core.publisher.Operators.error(Operators.java:198) ~[reactor-core-3.7.19.jar:3.7.19]
		at reactor.core.publisher.MonoError.subscribe(MonoError.java:53) ~[reactor-core-3.7.19.jar:3.7.19]
		at reactor.core.publisher.Mono.subscribe(Mono.java:4576) ~[reactor-core-3.7.19.jar:3.7.19]
		at reactor.core.publisher.FluxOnErrorResume$ResumeSubscriber.onError(FluxOnErrorResume.java:103) ~[reactor-core-3.7.19.jar:3.7.19]
		at reactor.netty.transport.TransportConnector$MonoChannelPromise.tryFailure(TransportConnector.java:600) ~[reactor-netty-core-1.2.18.jar:1.2.18]
		at reactor.netty.transport.TransportConnector$MonoChannelPromise.setFailure(TransportConnector.java:546) ~[reactor-netty-core-1.2.18.jar:1.2.18]
		at reactor.netty.transport.TransportConnector.lambda$null$7(TransportConnector.java:262) ~[reactor-netty-core-1.2.18.jar:1.2.18]
		at io.netty.util.concurrent.DefaultPromise.notifyListener0(DefaultPromise.java:604) ~[netty-common-4.1.135.Final.jar:4.1.135.Final]
		at io.netty.util.concurrent.DefaultPromise.notifyListeners0(DefaultPromise.java:597) ~[netty-common-4.1.135.Final.jar:4.1.135.Final]
		at io.netty.util.concurrent.DefaultPromise.notifyListenersNow(DefaultPromise.java:573) ~[netty-common-4.1.135.Final.jar:4.1.135.Final]
		at io.netty.util.concurrent.DefaultPromise.notifyListeners(DefaultPromise.java:506) ~[netty-common-4.1.135.Final.jar:4.1.135.Final]
		at io.netty.util.concurrent.DefaultPromise.setValue0(DefaultPromise.java:650) ~[netty-common-4.1.135.Final.jar:4.1.135.Final]
		at io.netty.util.concurrent.DefaultPromise.setFailure0(DefaultPromise.java:643) ~[netty-common-4.1.135.Final.jar:4.1.135.Final]
		at io.netty.util.concurrent.DefaultPromise.tryFailure(DefaultPromise.java:132) ~[netty-common-4.1.135.Final.jar:4.1.135.Final]
		at io.netty.channel.nio.AbstractNioChannel$AbstractNioUnsafe.fulfillConnectPromise(AbstractNioChannel.java:326) ~[netty-transport-4.1.135.Final.jar:4.1.135.Final]
		at io.netty.channel.nio.AbstractNioChannel$AbstractNioUnsafe.finishConnect(AbstractNioChannel.java:342) ~[netty-transport-4.1.135.Final.jar:4.1.135.Final]
		at io.netty.channel.nio.NioEventLoop.processSelectedKey(NioEventLoop.java:784) ~[netty-transport-4.1.135.Final.jar:4.1.135.Final]
		at io.netty.channel.nio.NioEventLoop.processSelectedKeysOptimized(NioEventLoop.java:732) ~[netty-transport-4.1.135.Final.jar:4.1.135.Final]
		at io.netty.channel.nio.NioEventLoop.processSelectedKeys(NioEventLoop.java:658) ~[netty-transport-4.1.135.Final.jar:4.1.135.Final]
		at io.netty.channel.nio.NioEventLoop.run(NioEventLoop.java:562) ~[netty-transport-4.1.135.Final.jar:4.1.135.Final]
		at io.netty.util.concurrent.SingleThreadEventExecutor$4.run(SingleThreadEventExecutor.java:998) ~[netty-common-4.1.135.Final.jar:4.1.135.Final]
		at io.netty.util.internal.ThreadExecutorMap$2.run(ThreadExecutorMap.java:74) ~[netty-common-4.1.135.Final.jar:4.1.135.Final]
		at io.netty.util.concurrent.FastThreadLocalRunnable.run(FastThreadLocalRunnable.java:30) ~[netty-common-4.1.135.Final.jar:4.1.135.Final]
		at java.base/java.lang.Thread.run(Thread.java:1474) ~[na:na]
Caused by: io.netty.channel.AbstractChannel$AnnotatedSocketException: Network is unreachable: getsockopt: /10.4.242.81:8089
Caused by: java.net.SocketException: Network is unreachable: getsockopt
	at java.base/sun.nio.ch.Net.pollConnect(Native Method) ~[na:na]
	at java.base/sun.nio.ch.Net.pollConnectNow(Net.java:639) ~[na:na]
	at java.base/sun.nio.ch.SocketChannelImpl.finishConnect(SocketChannelImpl.java:1046) ~[na:na]
	at io.netty.channel.socket.nio.NioSocketChannel.doFinishConnect(NioSocketChannel.java:336) ~[netty-transport-4.1.135.Final.jar:4.1.135.Final]
	at io.netty.channel.nio.AbstractNioChannel$AbstractNioUnsafe.finishConnect(AbstractNioChannel.java:339) ~[netty-transport-4.1.135.Final.jar:4.1.135.Final]
	at io.netty.channel.nio.NioEventLoop.processSelectedKey(NioEventLoop.java:784) ~[netty-transport-4.1.135.Final.jar:4.1.135.Final]
	at io.netty.channel.nio.NioEventLoop.processSelectedKeysOptimized(NioEventLoop.java:732) ~[netty-transport-4.1.135.Final.jar:4.1.135.Final]
	at io.netty.channel.nio.NioEventLoop.processSelectedKeys(NioEventLoop.java:658) ~[netty-transport-4.1.135.Final.jar:4.1.135.Final]
	at io.netty.channel.nio.NioEventLoop.run(NioEventLoop.java:562) ~[netty-transport-4.1.135.Final.jar:4.1.135.Final]
	at io.netty.util.concurrent.SingleThreadEventExecutor$4.run(SingleThreadEventExecutor.java:998) ~[netty-common-4.1.135.Final.jar:4.1.135.Final]
	at io.netty.util.internal.ThreadExecutorMap$2.run(ThreadExecutorMap.java:74) ~[netty-common-4.1.135.Final.jar:4.1.135.Final]
	at io.netty.util.concurrent.FastThreadLocalRunnable.run(FastThreadLocalRunnable.java:30) ~[netty-common-4.1.135.Final.jar:4.1.135.Final]
	at java.base/java.lang.Thread.run(Thread.java:1474) ~[na:na]

2026-07-14T21:04:18.957+05:30  INFO 26852 --- [admin-server] [ctor-http-nio-7] d.c.b.a.server.services.StatusUpdater    : Couldn't retrieve status for Instance(id=9313380e07bb, version=2, registration=Registration(name=API-GATEWAY, managementUrl=http://10.4.242.81:8080/actuator, healthUrl=http://10.4.242.81:8080/actuator/health, serviceUrl=http://10.4.242.81:8080, source=discovery), registered=true, statusInfo=StatusInfo(status=UP, details={reactiveDiscoveryClients={status=UP, components={Simple Reactive Discovery Client={status=UP, details={services=[]}}, Spring Cloud Eureka Reactive Discovery Client={status=UP, details={services=[api-gateway, auth-service, admin-server]}}}}, clientConfigServer={status=UP, details={propertySources=[configserver:file:/c:/Users/CHAKRADHARBATTULA/Desktop/inventory-management-test/inventory-config-repo/api-gateway.yaml, configserver:file:/c:/Users/CHAKRADHARBATTULA/Desktop/inventory-management-test/inventory-config-repo/application.yaml, configClient]}}, diskSpace={status=UP, details={total=252839981056, free=94750248960, threshold=10485760, path=C:\Users\CHAKRADHARBATTULA\Desktop\inventory-management-test\api-gateway\., exists=true}}, ping={status=UP}, discoveryComposite={status=UP, components={discoveryClient={status=UP, details={services=[api-gateway, auth-service, admin-server]}}, eureka={description=Remote status from Eureka server, status=UP, details={applications={API-GATEWAY=1, AUTH-SERVICE=1, ADMIN-SERVER=1}}}}}, refreshScope={status=UP}, circuitBreakers={status=UNKNOWN}, ssl={status=UP, details={validChains=[], invalidChains=[]}}}), statusTimestamp=2026-07-14T11:49:34.456718600Z, info=Info(values={}), endpoints=Endpoints(endpoints={circuitbreakers=Endpoint(id=circuitbreakers, url=http://10.4.242.81:8080/actuator/circuitbreakers), circuitbreakerevents=Endpoint(id=circuitbreakerevents, url=http://10.4.242.81:8080/actuator/circuitbreakerevents), health=Endpoint(id=health, url=http://10.4.242.81:8080/actuator/health), info=Endpoint(id=info, url=http://10.4.242.81:8080/actuator/info)}), buildVersion=null, tags=Tags(values={}))

org.springframework.web.reactive.function.client.WebClientRequestException: Network is unreachable: getsockopt: /10.4.242.81:8080
	at org.springframework.web.reactive.function.client.ExchangeFunctions$DefaultExchangeFunction.lambda$wrapException$9(ExchangeFunctions.java:139) ~[spring-webflux-6.2.19.jar:6.2.19]
	Suppressed: The stacktrace has been enhanced by Reactor, refer to additional information below: 
Error has been observed at the following site(s):
	*__checkpoint ⇢ Request to GET health [DefaultWebClient]
Original Stack Trace:
		at org.springframework.web.reactive.function.client.ExchangeFunctions$DefaultExchangeFunction.lambda$wrapException$9(ExchangeFunctions.java:139) ~[spring-webflux-6.2.19.jar:6.2.19]
		at reactor.core.publisher.MonoErrorSupplied.subscribe(MonoErrorSupplied.java:55) ~[reactor-core-3.7.19.jar:3.7.19]
		at reactor.core.publisher.Mono.subscribe(Mono.java:4576) ~[reactor-core-3.7.19.jar:3.7.19]
		at reactor.core.publisher.FluxOnErrorResume$ResumeSubscriber.onError(FluxOnErrorResume.java:103) ~[reactor-core-3.7.19.jar:3.7.19]
		at reactor.core.publisher.FluxPeek$PeekSubscriber.onError(FluxPeek.java:222) ~[reactor-core-3.7.19.jar:3.7.19]
		at reactor.core.publisher.FluxPeek$PeekSubscriber.onError(FluxPeek.java:222) ~[reactor-core-3.7.19.jar:3.7.19]
		at reactor.core.publisher.FluxPeek$PeekSubscriber.onError(FluxPeek.java:222) ~[reactor-core-3.7.19.jar:3.7.19]
		at reactor.core.publisher.MonoNext$NextSubscriber.onError(MonoNext.java:93) ~[reactor-core-3.7.19.jar:3.7.19]
		at reactor.core.publisher.MonoFlatMapMany$FlatMapManyMain.onError(MonoFlatMapMany.java:205) ~[reactor-core-3.7.19.jar:3.7.19]
		at reactor.core.publisher.SerializedSubscriber.onError(SerializedSubscriber.java:124) ~[reactor-core-3.7.19.jar:3.7.19]
		at reactor.core.publisher.FluxRetryWhen$RetryWhenMainSubscriber.whenError(FluxRetryWhen.java:229) ~[reactor-core-3.7.19.jar:3.7.19]
		at reactor.core.publisher.FluxRetryWhen$RetryWhenOtherSubscriber.onError(FluxRetryWhen.java:279) ~[reactor-core-3.7.19.jar:3.7.19]
		at reactor.core.publisher.FluxContextWrite$ContextWriteSubscriber.onError(FluxContextWrite.java:121) ~[reactor-core-3.7.19.jar:3.7.19]
		at reactor.core.publisher.FluxConcatMapNoPrefetch$FluxConcatMapNoPrefetchSubscriber.maybeOnError(FluxConcatMapNoPrefetch.java:327) ~[reactor-core-3.7.19.jar:3.7.19]
		at reactor.core.publisher.FluxConcatMapNoPrefetch$FluxConcatMapNoPrefetchSubscriber.onNext(FluxConcatMapNoPrefetch.java:212) ~[reactor-core-3.7.19.jar:3.7.19]
		at reactor.core.publisher.FluxContextWrite$ContextWriteSubscriber.onNext(FluxContextWrite.java:107) ~[reactor-core-3.7.19.jar:3.7.19]
		at reactor.core.publisher.SinkManyEmitterProcessor.drain(SinkManyEmitterProcessor.java:476) ~[reactor-core-3.7.19.jar:3.7.19]
		at reactor.core.publisher.SinkManyEmitterProcessor$EmitterInner.drainParent(SinkManyEmitterProcessor.java:620) ~[reactor-core-3.7.19.jar:3.7.19]
		at reactor.core.publisher.FluxPublish$PubSubInner.request(FluxPublish.java:874) ~[reactor-core-3.7.19.jar:3.7.19]
		at reactor.core.publisher.FluxContextWrite$ContextWriteSubscriber.request(FluxContextWrite.java:136) ~[reactor-core-3.7.19.jar:3.7.19]
		at reactor.core.publisher.FluxConcatMapNoPrefetch$FluxConcatMapNoPrefetchSubscriber.request(FluxConcatMapNoPrefetch.java:337) ~[reactor-core-3.7.19.jar:3.7.19]
		at reactor.core.publisher.FluxContextWrite$ContextWriteSubscriber.request(FluxContextWrite.java:136) ~[reactor-core-3.7.19.jar:3.7.19]
		at reactor.core.publisher.Operators$DeferredSubscription.request(Operators.java:1742) ~[reactor-core-3.7.19.jar:3.7.19]
		at reactor.core.publisher.FluxRetryWhen$RetryWhenMainSubscriber.onError(FluxRetryWhen.java:196) ~[reactor-core-3.7.19.jar:3.7.19]
		at reactor.core.publisher.MonoCreate$DefaultMonoSink.error(MonoCreate.java:205) ~[reactor-core-3.7.19.jar:3.7.19]
		at reactor.netty.http.client.HttpClientConnect$MonoHttpConnect$ClientTransportSubscriber.onError(HttpClientConnect.java:333) ~[reactor-netty-http-1.2.18.jar:1.2.18]
		at reactor.core.publisher.MonoCreate$DefaultMonoSink.error(MonoCreate.java:205) ~[reactor-core-3.7.19.jar:3.7.19]
		at reactor.netty.resources.DefaultPooledConnectionProvider$DisposableAcquire.onError(DefaultPooledConnectionProvider.java:174) ~[reactor-netty-core-1.2.18.jar:1.2.18]
		at reactor.netty.internal.shaded.reactor.pool.AbstractPool$Borrower.fail(AbstractPool.java:495) ~[reactor-netty-core-1.2.18.jar:1.2.18]
		at reactor.netty.internal.shaded.reactor.pool.SimpleDequePool.lambda$drainLoop$9(SimpleDequePool.java:443) ~[reactor-netty-core-1.2.18.jar:1.2.18]
		at reactor.core.publisher.FluxDoOnEach$DoOnEachSubscriber.onError(FluxDoOnEach.java:186) ~[reactor-core-3.7.19.jar:3.7.19]
		at reactor.core.publisher.MonoCreate$DefaultMonoSink.error(MonoCreate.java:205) ~[reactor-core-3.7.19.jar:3.7.19]
		at reactor.netty.resources.DefaultPooledConnectionProvider$PooledConnectionAllocator$PooledConnectionInitializer.onError(DefaultPooledConnectionProvider.java:598) ~[reactor-netty-core-1.2.18.jar:1.2.18]
		at reactor.core.publisher.MonoFlatMap$FlatMapMain.secondError(MonoFlatMap.java:241) ~[reactor-core-3.7.19.jar:3.7.19]
		at reactor.core.publisher.MonoFlatMap$FlatMapInner.onError(MonoFlatMap.java:315) ~[reactor-core-3.7.19.jar:3.7.19]
		at reactor.core.publisher.FluxOnErrorResume$ResumeSubscriber.onError(FluxOnErrorResume.java:106) ~[reactor-core-3.7.19.jar:3.7.19]
		at reactor.core.publisher.Operators.error(Operators.java:198) ~[reactor-core-3.7.19.jar:3.7.19]
		at reactor.core.publisher.MonoError.subscribe(MonoError.java:53) ~[reactor-core-3.7.19.jar:3.7.19]
		at reactor.core.publisher.Mono.subscribe(Mono.java:4576) ~[reactor-core-3.7.19.jar:3.7.19]
		at reactor.core.publisher.FluxOnErrorResume$ResumeSubscriber.onError(FluxOnErrorResume.java:103) ~[reactor-core-3.7.19.jar:3.7.19]
		at reactor.netty.transport.TransportConnector$MonoChannelPromise.tryFailure(TransportConnector.java:600) ~[reactor-netty-core-1.2.18.jar:1.2.18]
		at reactor.netty.transport.TransportConnector$MonoChannelPromise.setFailure(TransportConnector.java:546) ~[reactor-netty-core-1.2.18.jar:1.2.18]
		at reactor.netty.transport.TransportConnector.lambda$null$7(TransportConnector.java:262) ~[reactor-netty-core-1.2.18.jar:1.2.18]
		at io.netty.util.concurrent.DefaultPromise.notifyListener0(DefaultPromise.java:604) ~[netty-common-4.1.135.Final.jar:4.1.135.Final]
		at io.netty.util.concurrent.DefaultPromise.notifyListeners0(DefaultPromise.java:597) ~[netty-common-4.1.135.Final.jar:4.1.135.Final]
		at io.netty.util.concurrent.DefaultPromise.notifyListenersNow(DefaultPromise.java:573) ~[netty-common-4.1.135.Final.jar:4.1.135.Final]
		at io.netty.util.concurrent.DefaultPromise.notifyListeners(DefaultPromise.java:506) ~[netty-common-4.1.135.Final.jar:4.1.135.Final]
		at io.netty.util.concurrent.DefaultPromise.setValue0(DefaultPromise.java:650) ~[netty-common-4.1.135.Final.jar:4.1.135.Final]
		at io.netty.util.concurrent.DefaultPromise.setFailure0(DefaultPromise.java:643) ~[netty-common-4.1.135.Final.jar:4.1.135.Final]
		at io.netty.util.concurrent.DefaultPromise.tryFailure(DefaultPromise.java:132) ~[netty-common-4.1.135.Final.jar:4.1.135.Final]
		at io.netty.channel.nio.AbstractNioChannel$AbstractNioUnsafe.fulfillConnectPromise(AbstractNioChannel.java:326) ~[netty-transport-4.1.135.Final.jar:4.1.135.Final]
		at io.netty.channel.nio.AbstractNioChannel$AbstractNioUnsafe.finishConnect(AbstractNioChannel.java:342) ~[netty-transport-4.1.135.Final.jar:4.1.135.Final]
		at io.netty.channel.nio.NioEventLoop.processSelectedKey(NioEventLoop.java:784) ~[netty-transport-4.1.135.Final.jar:4.1.135.Final]
		at io.netty.channel.nio.NioEventLoop.processSelectedKeysOptimized(NioEventLoop.java:732) ~[netty-transport-4.1.135.Final.jar:4.1.135.Final]
		at io.netty.channel.nio.NioEventLoop.processSelectedKeys(NioEventLoop.java:658) ~[netty-transport-4.1.135.Final.jar:4.1.135.Final]
		at io.netty.channel.nio.NioEventLoop.run(NioEventLoop.java:562) ~[netty-transport-4.1.135.Final.jar:4.1.135.Final]
		at io.netty.util.concurrent.SingleThreadEventExecutor$4.run(SingleThreadEventExecutor.java:998) ~[netty-common-4.1.135.Final.jar:4.1.135.Final]
		at io.netty.util.internal.ThreadExecutorMap$2.run(ThreadExecutorMap.java:74) ~[netty-common-4.1.135.Final.jar:4.1.135.Final]
		at io.netty.util.concurrent.FastThreadLocalRunnable.run(FastThreadLocalRunnable.java:30) ~[netty-common-4.1.135.Final.jar:4.1.135.Final]
		at java.base/java.lang.Thread.run(Thread.java:1474) ~[na:na]
Caused by: io.netty.channel.AbstractChannel$AnnotatedSocketException: Network is unreachable: getsockopt: /10.4.242.81:8080
Caused by: java.net.SocketException: Network is unreachable: getsockopt
	at java.base/sun.nio.ch.Net.pollConnect(Native Method) ~[na:na]
	at java.base/sun.nio.ch.Net.pollConnectNow(Net.java:639) ~[na:na]
	at java.base/sun.nio.ch.SocketChannelImpl.finishConnect(SocketChannelImpl.java:1046) ~[na:na]
	at io.netty.channel.socket.nio.NioSocketChannel.doFinishConnect(NioSocketChannel.java:336) ~[netty-transport-4.1.135.Final.jar:4.1.135.Final]
	at io.netty.channel.nio.AbstractNioChannel$AbstractNioUnsafe.finishConnect(AbstractNioChannel.java:339) ~[netty-transport-4.1.135.Final.jar:4.1.135.Final]
	at io.netty.channel.nio.NioEventLoop.processSelectedKey(NioEventLoop.java:784) ~[netty-transport-4.1.135.Final.jar:4.1.135.Final]
	at io.netty.channel.nio.NioEventLoop.processSelectedKeysOptimized(NioEventLoop.java:732) ~[netty-transport-4.1.135.Final.jar:4.1.135.Final]
	at io.netty.channel.nio.NioEventLoop.processSelectedKeys(NioEventLoop.java:658) ~[netty-transport-4.1.135.Final.jar:4.1.135.Final]
	at io.netty.channel.nio.NioEventLoop.run(NioEventLoop.java:562) ~[netty-transport-4.1.135.Final.jar:4.1.135.Final]
	at io.netty.util.concurrent.SingleThreadEventExecutor$4.run(SingleThreadEventExecutor.java:998) ~[netty-common-4.1.135.Final.jar:4.1.135.Final]
	at io.netty.util.internal.ThreadExecutorMap$2.run(ThreadExecutorMap.java:74) ~[netty-common-4.1.135.Final.jar:4.1.135.Final]
	at io.netty.util.concurrent.FastThreadLocalRunnable.run(FastThreadLocalRunnable.java:30) ~[netty-common-4.1.135.Final.jar:4.1.135.Final]
	at java.base/java.lang.Thread.run(Thread.java:1474) ~[na:na]

2026-07-14T21:04:18.956+05:30  INFO 26852 --- [admin-server] [ctor-http-nio-5] d.c.b.a.server.services.StatusUpdater    : Couldn't retrieve status for Instance(id=253ea84dc190, version=2, registration=Registration(name=AUTH-SERVICE, managementUrl=http://10.4.242.81:8089/actuator, healthUrl=http://10.4.242.81:8089/actuator/health, serviceUrl=http://10.4.242.81:8089, source=discovery), registered=true, statusInfo=StatusInfo(status=UP, details={clientConfigServer={status=UP, details={propertySources=[configserver:file:/c:/Users/CHAKRADHARBATTULA/Desktop/inventory-management-test/inventory-config-repo/auth-service.yaml, configserver:file:/c:/Users/CHAKRADHARBATTULA/Desktop/inventory-management-test/inventory-config-repo/application.yaml, configClient]}}, diskSpace={status=UP, details={total=252839981056, free=94750248960, threshold=10485760, path=C:\Users\CHAKRADHARBATTULA\Desktop\inventory-management-test\auth-service\., exists=true}}, ping={status=UP}, discoveryComposite={status=UP, components={discoveryClient={status=UP, details={services=[]}}, eureka={description=Eureka discovery client has not yet successfully connected to a Eureka server, status=UP, details={applications={}}}}}, refreshScope={status=UP}, ssl={status=UP, details={validChains=[], invalidChains=[]}}, db={status=UP, details={database=MySQL, validationQuery=isValid()}}}), statusTimestamp=2026-07-14T11:49:34.445140300Z, info=Info(values={}), endpoints=Endpoints(endpoints={caches=Endpoint(id=caches, url=http://10.4.242.81:8089/actuator/caches), loggers=Endpoint(id=loggers, url=http://10.4.242.81:8089/actuator/loggers), health=Endpoint(id=health, url=http://10.4.242.81:8089/actuator/health), refresh=Endpoint(id=refresh, url=http://10.4.242.81:8089/actuator/refresh), env=Endpoint(id=env, url=http://10.4.242.81:8089/actuator/env), serviceregistry=Endpoint(id=serviceregistry, url=http://10.4.242.81:8089/actuator/serviceregistry), features=Endpoint(id=features, url=http://10.4.242.81:8089/actuator/features), scheduledtasks=Endpoint(id=scheduledtasks, url=http://10.4.242.81:8089/actuator/scheduledtasks), mappings=Endpoint(id=mappings, url=http://10.4.242.81:8089/actuator/mappings), beans=Endpoint(id=beans, url=http://10.4.242.81:8089/actuator/beans), configprops=Endpoint(id=configprops, url=http://10.4.242.81:8089/actuator/configprops), threaddump=Endpoint(id=threaddump, url=http://10.4.242.81:8089/actuator/threaddump), sbom=Endpoint(id=sbom, url=http://10.4.242.81:8089/actuator/sbom), prometheus=Endpoint(id=prometheus, url=http://10.4.242.81:8089/actuator/prometheus), metrics=Endpoint(id=metrics, url=http://10.4.242.81:8089/actuator/metrics), conditions=Endpoint(id=conditions, url=http://10.4.242.81:8089/actuator/conditions), info=Endpoint(id=info, url=http://10.4.242.81:8089/actuator/info)}), buildVersion=null, tags=Tags(values={}))

org.springframework.web.reactive.function.client.WebClientRequestException: Network is unreachable: getsockopt: /10.4.242.81:8089
	at org.springframework.web.reactive.function.client.ExchangeFunctions$DefaultExchangeFunction.lambda$wrapException$9(ExchangeFunctions.java:139) ~[spring-webflux-6.2.19.jar:6.2.19]
	Suppressed: The stacktrace has been enhanced by Reactor, refer to additional information below: 
Error has been observed at the following site(s):
	*__checkpoint ⇢ Request to GET health [DefaultWebClient]
Original Stack Trace:
		at org.springframework.web.reactive.function.client.ExchangeFunctions$DefaultExchangeFunction.lambda$wrapException$9(ExchangeFunctions.java:139) ~[spring-webflux-6.2.19.jar:6.2.19]
		at reactor.core.publisher.MonoErrorSupplied.subscribe(MonoErrorSupplied.java:55) ~[reactor-core-3.7.19.jar:3.7.19]
		at reactor.core.publisher.Mono.subscribe(Mono.java:4576) ~[reactor-core-3.7.19.jar:3.7.19]
		at reactor.core.publisher.FluxOnErrorResume$ResumeSubscriber.onError(FluxOnErrorResume.java:103) ~[reactor-core-3.7.19.jar:3.7.19]
		at reactor.core.publisher.FluxPeek$PeekSubscriber.onError(FluxPeek.java:222) ~[reactor-core-3.7.19.jar:3.7.19]
		at reactor.core.publisher.FluxPeek$PeekSubscriber.onError(FluxPeek.java:222) ~[reactor-core-3.7.19.jar:3.7.19]
		at reactor.core.publisher.FluxPeek$PeekSubscriber.onError(FluxPeek.java:222) ~[reactor-core-3.7.19.jar:3.7.19]
		at reactor.core.publisher.MonoNext$NextSubscriber.onError(MonoNext.java:93) ~[reactor-core-3.7.19.jar:3.7.19]
		at reactor.core.publisher.MonoFlatMapMany$FlatMapManyMain.onError(MonoFlatMapMany.java:205) ~[reactor-core-3.7.19.jar:3.7.19]
		at reactor.core.publisher.SerializedSubscriber.onError(SerializedSubscriber.java:124) ~[reactor-core-3.7.19.jar:3.7.19]
		at reactor.core.publisher.FluxRetryWhen$RetryWhenMainSubscriber.whenError(FluxRetryWhen.java:229) ~[reactor-core-3.7.19.jar:3.7.19]
		at reactor.core.publisher.FluxRetryWhen$RetryWhenOtherSubscriber.onError(FluxRetryWhen.java:279) ~[reactor-core-3.7.19.jar:3.7.19]
		at reactor.core.publisher.FluxContextWrite$ContextWriteSubscriber.onError(FluxContextWrite.java:121) ~[reactor-core-3.7.19.jar:3.7.19]
		at reactor.core.publisher.FluxConcatMapNoPrefetch$FluxConcatMapNoPrefetchSubscriber.maybeOnError(FluxConcatMapNoPrefetch.java:327) ~[reactor-core-3.7.19.jar:3.7.19]
		at reactor.core.publisher.FluxConcatMapNoPrefetch$FluxConcatMapNoPrefetchSubscriber.onNext(FluxConcatMapNoPrefetch.java:212) ~[reactor-core-3.7.19.jar:3.7.19]
		at reactor.core.publisher.FluxContextWrite$ContextWriteSubscriber.onNext(FluxContextWrite.java:107) ~[reactor-core-3.7.19.jar:3.7.19]
		at reactor.core.publisher.SinkManyEmitterProcessor.drain(SinkManyEmitterProcessor.java:476) ~[reactor-core-3.7.19.jar:3.7.19]
		at reactor.core.publisher.SinkManyEmitterProcessor$EmitterInner.drainParent(SinkManyEmitterProcessor.java:620) ~[reactor-core-3.7.19.jar:3.7.19]
		at reactor.core.publisher.FluxPublish$PubSubInner.request(FluxPublish.java:874) ~[reactor-core-3.7.19.jar:3.7.19]
		at reactor.core.publisher.FluxContextWrite$ContextWriteSubscriber.request(FluxContextWrite.java:136) ~[reactor-core-3.7.19.jar:3.7.19]
		at reactor.core.publisher.FluxConcatMapNoPrefetch$FluxConcatMapNoPrefetchSubscriber.request(FluxConcatMapNoPrefetch.java:337) ~[reactor-core-3.7.19.jar:3.7.19]
		at reactor.core.publisher.FluxContextWrite$ContextWriteSubscriber.request(FluxContextWrite.java:136) ~[reactor-core-3.7.19.jar:3.7.19]
		at reactor.core.publisher.Operators$DeferredSubscription.request(Operators.java:1742) ~[reactor-core-3.7.19.jar:3.7.19]
		at reactor.core.publisher.FluxRetryWhen$RetryWhenMainSubscriber.onError(FluxRetryWhen.java:196) ~[reactor-core-3.7.19.jar:3.7.19]
		at reactor.core.publisher.MonoCreate$DefaultMonoSink.error(MonoCreate.java:205) ~[reactor-core-3.7.19.jar:3.7.19]
		at reactor.netty.http.client.HttpClientConnect$MonoHttpConnect$ClientTransportSubscriber.onError(HttpClientConnect.java:333) ~[reactor-netty-http-1.2.18.jar:1.2.18]
		at reactor.core.publisher.MonoCreate$DefaultMonoSink.error(MonoCreate.java:205) ~[reactor-core-3.7.19.jar:3.7.19]
		at reactor.netty.resources.DefaultPooledConnectionProvider$DisposableAcquire.onError(DefaultPooledConnectionProvider.java:174) ~[reactor-netty-core-1.2.18.jar:1.2.18]
		at reactor.netty.internal.shaded.reactor.pool.AbstractPool$Borrower.fail(AbstractPool.java:495) ~[reactor-netty-core-1.2.18.jar:1.2.18]
		at reactor.netty.internal.shaded.reactor.pool.SimpleDequePool.lambda$drainLoop$9(SimpleDequePool.java:443) ~[reactor-netty-core-1.2.18.jar:1.2.18]
		at reactor.core.publisher.FluxDoOnEach$DoOnEachSubscriber.onError(FluxDoOnEach.java:186) ~[reactor-core-3.7.19.jar:3.7.19]
		at reactor.core.publisher.MonoCreate$DefaultMonoSink.error(MonoCreate.java:205) ~[reactor-core-3.7.19.jar:3.7.19]
		at reactor.netty.resources.DefaultPooledConnectionProvider$PooledConnectionAllocator$PooledConnectionInitializer.onError(DefaultPooledConnectionProvider.java:598) ~[reactor-netty-core-1.2.18.jar:1.2.18]
		at reactor.core.publisher.MonoFlatMap$FlatMapMain.secondError(MonoFlatMap.java:241) ~[reactor-core-3.7.19.jar:3.7.19]
		at reactor.core.publisher.MonoFlatMap$FlatMapInner.onError(MonoFlatMap.java:315) ~[reactor-core-3.7.19.jar:3.7.19]
		at reactor.core.publisher.FluxOnErrorResume$ResumeSubscriber.onError(FluxOnErrorResume.java:106) ~[reactor-core-3.7.19.jar:3.7.19]
		at reactor.core.publisher.Operators.error(Operators.java:198) ~[reactor-core-3.7.19.jar:3.7.19]
		at reactor.core.publisher.MonoError.subscribe(MonoError.java:53) ~[reactor-core-3.7.19.jar:3.7.19]
		at reactor.core.publisher.Mono.subscribe(Mono.java:4576) ~[reactor-core-3.7.19.jar:3.7.19]
		at reactor.core.publisher.FluxOnErrorResume$ResumeSubscriber.onError(FluxOnErrorResume.java:103) ~[reactor-core-3.7.19.jar:3.7.19]
		at reactor.netty.transport.TransportConnector$MonoChannelPromise.tryFailure(TransportConnector.java:600) ~[reactor-netty-core-1.2.18.jar:1.2.18]
		at reactor.netty.transport.TransportConnector$MonoChannelPromise.setFailure(TransportConnector.java:546) ~[reactor-netty-core-1.2.18.jar:1.2.18]
		at reactor.netty.transport.TransportConnector.lambda$null$7(TransportConnector.java:262) ~[reactor-netty-core-1.2.18.jar:1.2.18]
		at io.netty.util.concurrent.DefaultPromise.notifyListener0(DefaultPromise.java:604) ~[netty-common-4.1.135.Final.jar:4.1.135.Final]
		at io.netty.util.concurrent.DefaultPromise.notifyListeners0(DefaultPromise.java:597) ~[netty-common-4.1.135.Final.jar:4.1.135.Final]
		at io.netty.util.concurrent.DefaultPromise.notifyListenersNow(DefaultPromise.java:573) ~[netty-common-4.1.135.Final.jar:4.1.135.Final]
		at io.netty.util.concurrent.DefaultPromise.notifyListeners(DefaultPromise.java:506) ~[netty-common-4.1.135.Final.jar:4.1.135.Final]
		at io.netty.util.concurrent.DefaultPromise.setValue0(DefaultPromise.java:650) ~[netty-common-4.1.135.Final.jar:4.1.135.Final]
		at io.netty.util.concurrent.DefaultPromise.setFailure0(DefaultPromise.java:643) ~[netty-common-4.1.135.Final.jar:4.1.135.Final]
		at io.netty.util.concurrent.DefaultPromise.tryFailure(DefaultPromise.java:132) ~[netty-common-4.1.135.Final.jar:4.1.135.Final]
		at io.netty.channel.nio.AbstractNioChannel$AbstractNioUnsafe.fulfillConnectPromise(AbstractNioChannel.java:326) ~[netty-transport-4.1.135.Final.jar:4.1.135.Final]
		at io.netty.channel.nio.AbstractNioChannel$AbstractNioUnsafe.finishConnect(AbstractNioChannel.java:342) ~[netty-transport-4.1.135.Final.jar:4.1.135.Final]
		at io.netty.channel.nio.NioEventLoop.processSelectedKey(NioEventLoop.java:784) ~[netty-transport-4.1.135.Final.jar:4.1.135.Final]
		at io.netty.channel.nio.NioEventLoop.processSelectedKeysOptimized(NioEventLoop.java:732) ~[netty-transport-4.1.135.Final.jar:4.1.135.Final]
		at io.netty.channel.nio.NioEventLoop.processSelectedKeys(NioEventLoop.java:658) ~[netty-transport-4.1.135.Final.jar:4.1.135.Final]
		at io.netty.channel.nio.NioEventLoop.run(NioEventLoop.java:562) ~[netty-transport-4.1.135.Final.jar:4.1.135.Final]
		at io.netty.util.concurrent.SingleThreadEventExecutor$4.run(SingleThreadEventExecutor.java:998) ~[netty-common-4.1.135.Final.jar:4.1.135.Final]
		at io.netty.util.internal.ThreadExecutorMap$2.run(ThreadExecutorMap.java:74) ~[netty-common-4.1.135.Final.jar:4.1.135.Final]
		at io.netty.util.concurrent.FastThreadLocalRunnable.run(FastThreadLocalRunnable.java:30) ~[netty-common-4.1.135.Final.jar:4.1.135.Final]
		at java.base/java.lang.Thread.run(Thread.java:1474) ~[na:na]
Caused by: io.netty.channel.AbstractChannel$AnnotatedSocketException: Network is unreachable: getsockopt: /10.4.242.81:8089
Caused by: java.net.SocketException: Network is unreachable: getsockopt
	at java.base/sun.nio.ch.Net.pollConnect(Native Method) ~[na:na]
	at java.base/sun.nio.ch.Net.pollConnectNow(Net.java:639) ~[na:na]
	at java.base/sun.nio.ch.SocketChannelImpl.finishConnect(SocketChannelImpl.java:1046) ~[na:na]
	at io.netty.channel.socket.nio.NioSocketChannel.doFinishConnect(NioSocketChannel.java:336) ~[netty-transport-4.1.135.Final.jar:4.1.135.Final]
	at io.netty.channel.nio.AbstractNioChannel$AbstractNioUnsafe.finishConnect(AbstractNioChannel.java:339) ~[netty-transport-4.1.135.Final.jar:4.1.135.Final]
	at io.netty.channel.nio.NioEventLoop.processSelectedKey(NioEventLoop.java:784) ~[netty-transport-4.1.135.Final.jar:4.1.135.Final]
	at io.netty.channel.nio.NioEventLoop.processSelectedKeysOptimized(NioEventLoop.java:732) ~[netty-transport-4.1.135.Final.jar:4.1.135.Final]
	at io.netty.channel.nio.NioEventLoop.processSelectedKeys(NioEventLoop.java:658) ~[netty-transport-4.1.135.Final.jar:4.1.135.Final]
	at io.netty.channel.nio.NioEventLoop.run(NioEventLoop.java:562) ~[netty-transport-4.1.135.Final.jar:4.1.135.Final]
	at io.netty.util.concurrent.SingleThreadEventExecutor$4.run(SingleThreadEventExecutor.java:998) ~[netty-common-4.1.135.Final.jar:4.1.135.Final]
	at io.netty.util.internal.ThreadExecutorMap$2.run(ThreadExecutorMap.java:74) ~[netty-common-4.1.135.Final.jar:4.1.135.Final]
	at io.netty.util.concurrent.FastThreadLocalRunnable.run(FastThreadLocalRunnable.java:30) ~[netty-common-4.1.135.Final.jar:4.1.135.Final]
	at java.base/java.lang.Thread.run(Thread.java:1474) ~[na:na]

2026-07-14T21:04:18.951+05:30  WARN 26852 --- [admin-server] [ctor-http-nio-8] d.c.b.admin.server.services.InfoUpdater  : Couldn't retrieve info for Instance(id=9313380e07bb, version=2, registration=Registration(name=API-GATEWAY, managementUrl=http://10.4.242.81:8080/actuator, healthUrl=http://10.4.242.81:8080/actuator/health, serviceUrl=http://10.4.242.81:8080, source=discovery), registered=true, statusInfo=StatusInfo(status=UP, details={reactiveDiscoveryClients={status=UP, components={Simple Reactive Discovery Client={status=UP, details={services=[]}}, Spring Cloud Eureka Reactive Discovery Client={status=UP, details={services=[api-gateway, auth-service, admin-server]}}}}, clientConfigServer={status=UP, details={propertySources=[configserver:file:/c:/Users/CHAKRADHARBATTULA/Desktop/inventory-management-test/inventory-config-repo/api-gateway.yaml, configserver:file:/c:/Users/CHAKRADHARBATTULA/Desktop/inventory-management-test/inventory-config-repo/application.yaml, configClient]}}, diskSpace={status=UP, details={total=252839981056, free=94750248960, threshold=10485760, path=C:\Users\CHAKRADHARBATTULA\Desktop\inventory-management-test\api-gateway\., exists=true}}, ping={status=UP}, discoveryComposite={status=UP, components={discoveryClient={status=UP, details={services=[api-gateway, auth-service, admin-server]}}, eureka={description=Remote status from Eureka server, status=UP, details={applications={API-GATEWAY=1, AUTH-SERVICE=1, ADMIN-SERVER=1}}}}}, refreshScope={status=UP}, circuitBreakers={status=UNKNOWN}, ssl={status=UP, details={validChains=[], invalidChains=[]}}}), statusTimestamp=2026-07-14T11:49:34.456718600Z, info=Info(values={}), endpoints=Endpoints(endpoints={circuitbreakers=Endpoint(id=circuitbreakers, url=http://10.4.242.81:8080/actuator/circuitbreakers), circuitbreakerevents=Endpoint(id=circuitbreakerevents, url=http://10.4.242.81:8080/actuator/circuitbreakerevents), health=Endpoint(id=health, url=http://10.4.242.81:8080/actuator/health), info=Endpoint(id=info, url=http://10.4.242.81:8080/actuator/info)}), buildVersion=null, tags=Tags(values={}))

org.springframework.web.reactive.function.client.WebClientRequestException: Network is unreachable: getsockopt: /10.4.242.81:8080
	at org.springframework.web.reactive.function.client.ExchangeFunctions$DefaultExchangeFunction.lambda$wrapException$9(ExchangeFunctions.java:139) ~[spring-webflux-6.2.19.jar:6.2.19]
	Suppressed: The stacktrace has been enhanced by Reactor, refer to additional information below: 
Error has been observed at the following site(s):
	*__checkpoint ⇢ Request to GET info [DefaultWebClient]
Original Stack Trace:
		at org.springframework.web.reactive.function.client.ExchangeFunctions$DefaultExchangeFunction.lambda$wrapException$9(ExchangeFunctions.java:139) ~[spring-webflux-6.2.19.jar:6.2.19]
		at reactor.core.publisher.MonoErrorSupplied.subscribe(MonoErrorSupplied.java:55) ~[reactor-core-3.7.19.jar:3.7.19]
		at reactor.core.publisher.Mono.subscribe(Mono.java:4576) ~[reactor-core-3.7.19.jar:3.7.19]
		at reactor.core.publisher.FluxOnErrorResume$ResumeSubscriber.onError(FluxOnErrorResume.java:103) ~[reactor-core-3.7.19.jar:3.7.19]
		at reactor.core.publisher.FluxPeek$PeekSubscriber.onError(FluxPeek.java:222) ~[reactor-core-3.7.19.jar:3.7.19]
		at reactor.core.publisher.FluxPeek$PeekSubscriber.onError(FluxPeek.java:222) ~[reactor-core-3.7.19.jar:3.7.19]
		at reactor.core.publisher.FluxPeek$PeekSubscriber.onError(FluxPeek.java:222) ~[reactor-core-3.7.19.jar:3.7.19]
		at reactor.core.publisher.MonoNext$NextSubscriber.onError(MonoNext.java:93) ~[reactor-core-3.7.19.jar:3.7.19]
		at reactor.core.publisher.MonoFlatMapMany$FlatMapManyMain.onError(MonoFlatMapMany.java:205) ~[reactor-core-3.7.19.jar:3.7.19]
		at reactor.core.publisher.SerializedSubscriber.onError(SerializedSubscriber.java:124) ~[reactor-core-3.7.19.jar:3.7.19]
		at reactor.core.publisher.FluxRetryWhen$RetryWhenMainSubscriber.whenError(FluxRetryWhen.java:229) ~[reactor-core-3.7.19.jar:3.7.19]
		at reactor.core.publisher.FluxRetryWhen$RetryWhenOtherSubscriber.onError(FluxRetryWhen.java:279) ~[reactor-core-3.7.19.jar:3.7.19]
		at reactor.core.publisher.FluxContextWrite$ContextWriteSubscriber.onError(FluxContextWrite.java:121) ~[reactor-core-3.7.19.jar:3.7.19]
		at reactor.core.publisher.FluxConcatMapNoPrefetch$FluxConcatMapNoPrefetchSubscriber.maybeOnError(FluxConcatMapNoPrefetch.java:327) ~[reactor-core-3.7.19.jar:3.7.19]
		at reactor.core.publisher.FluxConcatMapNoPrefetch$FluxConcatMapNoPrefetchSubscriber.onNext(FluxConcatMapNoPrefetch.java:212) ~[reactor-core-3.7.19.jar:3.7.19]
		at reactor.core.publisher.FluxContextWrite$ContextWriteSubscriber.onNext(FluxContextWrite.java:107) ~[reactor-core-3.7.19.jar:3.7.19]
		at reactor.core.publisher.SinkManyEmitterProcessor.drain(SinkManyEmitterProcessor.java:476) ~[reactor-core-3.7.19.jar:3.7.19]
		at reactor.core.publisher.SinkManyEmitterProcessor$EmitterInner.drainParent(SinkManyEmitterProcessor.java:620) ~[reactor-core-3.7.19.jar:3.7.19]
		at reactor.core.publisher.FluxPublish$PubSubInner.request(FluxPublish.java:874) ~[reactor-core-3.7.19.jar:3.7.19]
		at reactor.core.publisher.FluxContextWrite$ContextWriteSubscriber.request(FluxContextWrite.java:136) ~[reactor-core-3.7.19.jar:3.7.19]
		at reactor.core.publisher.FluxConcatMapNoPrefetch$FluxConcatMapNoPrefetchSubscriber.request(FluxConcatMapNoPrefetch.java:337) ~[reactor-core-3.7.19.jar:3.7.19]
		at reactor.core.publisher.FluxContextWrite$ContextWriteSubscriber.request(FluxContextWrite.java:136) ~[reactor-core-3.7.19.jar:3.7.19]
		at reactor.core.publisher.Operators$DeferredSubscription.request(Operators.java:1742) ~[reactor-core-3.7.19.jar:3.7.19]
		at reactor.core.publisher.FluxRetryWhen$RetryWhenMainSubscriber.onError(FluxRetryWhen.java:196) ~[reactor-core-3.7.19.jar:3.7.19]
		at reactor.core.publisher.MonoCreate$DefaultMonoSink.error(MonoCreate.java:205) ~[reactor-core-3.7.19.jar:3.7.19]
		at reactor.netty.http.client.HttpClientConnect$MonoHttpConnect$ClientTransportSubscriber.onError(HttpClientConnect.java:333) ~[reactor-netty-http-1.2.18.jar:1.2.18]
		at reactor.core.publisher.MonoCreate$DefaultMonoSink.error(MonoCreate.java:205) ~[reactor-core-3.7.19.jar:3.7.19]
		at reactor.netty.resources.DefaultPooledConnectionProvider$DisposableAcquire.onError(DefaultPooledConnectionProvider.java:174) ~[reactor-netty-core-1.2.18.jar:1.2.18]
		at reactor.netty.internal.shaded.reactor.pool.AbstractPool$Borrower.fail(AbstractPool.java:495) ~[reactor-netty-core-1.2.18.jar:1.2.18]
		at reactor.netty.internal.shaded.reactor.pool.SimpleDequePool.lambda$drainLoop$9(SimpleDequePool.java:443) ~[reactor-netty-core-1.2.18.jar:1.2.18]
		at reactor.core.publisher.FluxDoOnEach$DoOnEachSubscriber.onError(FluxDoOnEach.java:186) ~[reactor-core-3.7.19.jar:3.7.19]
		at reactor.core.publisher.MonoCreate$DefaultMonoSink.error(MonoCreate.java:205) ~[reactor-core-3.7.19.jar:3.7.19]
		at reactor.netty.resources.DefaultPooledConnectionProvider$PooledConnectionAllocator$PooledConnectionInitializer.onError(DefaultPooledConnectionProvider.java:598) ~[reactor-netty-core-1.2.18.jar:1.2.18]
		at reactor.core.publisher.MonoFlatMap$FlatMapMain.secondError(MonoFlatMap.java:241) ~[reactor-core-3.7.19.jar:3.7.19]
		at reactor.core.publisher.MonoFlatMap$FlatMapInner.onError(MonoFlatMap.java:315) ~[reactor-core-3.7.19.jar:3.7.19]
		at reactor.core.publisher.FluxOnErrorResume$ResumeSubscriber.onError(FluxOnErrorResume.java:106) ~[reactor-core-3.7.19.jar:3.7.19]
		at reactor.core.publisher.Operators.error(Operators.java:198) ~[reactor-core-3.7.19.jar:3.7.19]
		at reactor.core.publisher.MonoError.subscribe(MonoError.java:53) ~[reactor-core-3.7.19.jar:3.7.19]
		at reactor.core.publisher.Mono.subscribe(Mono.java:4576) ~[reactor-core-3.7.19.jar:3.7.19]
		at reactor.core.publisher.FluxOnErrorResume$ResumeSubscriber.onError(FluxOnErrorResume.java:103) ~[reactor-core-3.7.19.jar:3.7.19]
		at reactor.netty.transport.TransportConnector$MonoChannelPromise.tryFailure(TransportConnector.java:600) ~[reactor-netty-core-1.2.18.jar:1.2.18]
		at reactor.netty.transport.TransportConnector$MonoChannelPromise.setFailure(TransportConnector.java:546) ~[reactor-netty-core-1.2.18.jar:1.2.18]
		at reactor.netty.transport.TransportConnector.lambda$null$7(TransportConnector.java:262) ~[reactor-netty-core-1.2.18.jar:1.2.18]
		at io.netty.util.concurrent.DefaultPromise.notifyListener0(DefaultPromise.java:604) ~[netty-common-4.1.135.Final.jar:4.1.135.Final]
		at io.netty.util.concurrent.DefaultPromise.notifyListeners0(DefaultPromise.java:597) ~[netty-common-4.1.135.Final.jar:4.1.135.Final]
		at io.netty.util.concurrent.DefaultPromise.notifyListenersNow(DefaultPromise.java:573) ~[netty-common-4.1.135.Final.jar:4.1.135.Final]
		at io.netty.util.concurrent.DefaultPromise.notifyListeners(DefaultPromise.java:506) ~[netty-common-4.1.135.Final.jar:4.1.135.Final]
		at io.netty.util.concurrent.DefaultPromise.setValue0(DefaultPromise.java:650) ~[netty-common-4.1.135.Final.jar:4.1.135.Final]
		at io.netty.util.concurrent.DefaultPromise.setFailure0(DefaultPromise.java:643) ~[netty-common-4.1.135.Final.jar:4.1.135.Final]
		at io.netty.util.concurrent.DefaultPromise.tryFailure(DefaultPromise.java:132) ~[netty-common-4.1.135.Final.jar:4.1.135.Final]
		at io.netty.channel.nio.AbstractNioChannel$AbstractNioUnsafe.fulfillConnectPromise(AbstractNioChannel.java:326) ~[netty-transport-4.1.135.Final.jar:4.1.135.Final]
		at io.netty.channel.nio.AbstractNioChannel$AbstractNioUnsafe.finishConnect(AbstractNioChannel.java:342) ~[netty-transport-4.1.135.Final.jar:4.1.135.Final]
		at io.netty.channel.nio.NioEventLoop.processSelectedKey(NioEventLoop.java:784) ~[netty-transport-4.1.135.Final.jar:4.1.135.Final]
		at io.netty.channel.nio.NioEventLoop.processSelectedKeysOptimized(NioEventLoop.java:732) ~[netty-transport-4.1.135.Final.jar:4.1.135.Final]
		at io.netty.channel.nio.NioEventLoop.processSelectedKeys(NioEventLoop.java:658) ~[netty-transport-4.1.135.Final.jar:4.1.135.Final]
		at io.netty.channel.nio.NioEventLoop.run(NioEventLoop.java:562) ~[netty-transport-4.1.135.Final.jar:4.1.135.Final]
		at io.netty.util.concurrent.SingleThreadEventExecutor$4.run(SingleThreadEventExecutor.java:998) ~[netty-common-4.1.135.Final.jar:4.1.135.Final]
		at io.netty.util.internal.ThreadExecutorMap$2.run(ThreadExecutorMap.java:74) ~[netty-common-4.1.135.Final.jar:4.1.135.Final]
		at io.netty.util.concurrent.FastThreadLocalRunnable.run(FastThreadLocalRunnable.java:30) ~[netty-common-4.1.135.Final.jar:4.1.135.Final]
		at java.base/java.lang.Thread.run(Thread.java:1474) ~[na:na]
Caused by: io.netty.channel.AbstractChannel$AnnotatedSocketException: Network is unreachable: getsockopt: /10.4.242.81:8080
Caused by: java.net.SocketException: Network is unreachable: getsockopt
	at java.base/sun.nio.ch.Net.pollConnect(Native Method) ~[na:na]
	at java.base/sun.nio.ch.Net.pollConnectNow(Net.java:639) ~[na:na]
	at java.base/sun.nio.ch.SocketChannelImpl.finishConnect(SocketChannelImpl.java:1046) ~[na:na]
	at io.netty.channel.socket.nio.NioSocketChannel.doFinishConnect(NioSocketChannel.java:336) ~[netty-transport-4.1.135.Final.jar:4.1.135.Final]
	at io.netty.channel.nio.AbstractNioChannel$AbstractNioUnsafe.finishConnect(AbstractNioChannel.java:339) ~[netty-transport-4.1.135.Final.jar:4.1.135.Final]
	at io.netty.channel.nio.NioEventLoop.processSelectedKey(NioEventLoop.java:784) ~[netty-transport-4.1.135.Final.jar:4.1.135.Final]
	at io.netty.channel.nio.NioEventLoop.processSelectedKeysOptimized(NioEventLoop.java:732) ~[netty-transport-4.1.135.Final.jar:4.1.135.Final]
	at io.netty.channel.nio.NioEventLoop.processSelectedKeys(NioEventLoop.java:658) ~[netty-transport-4.1.135.Final.jar:4.1.135.Final]
	at io.netty.channel.nio.NioEventLoop.run(NioEventLoop.java:562) ~[netty-transport-4.1.135.Final.jar:4.1.135.Final]
	at io.netty.util.concurrent.SingleThreadEventExecutor$4.run(SingleThreadEventExecutor.java:998) ~[netty-common-4.1.135.Final.jar:4.1.135.Final]
	at io.netty.util.internal.ThreadExecutorMap$2.run(ThreadExecutorMap.java:74) ~[netty-common-4.1.135.Final.jar:4.1.135.Final]
	at io.netty.util.concurrent.FastThreadLocalRunnable.run(FastThreadLocalRunnable.java:30) ~[netty-common-4.1.135.Final.jar:4.1.135.Final]
	at java.base/java.lang.Thread.run(Thread.java:1474) ~[na:na]

2026-07-14T21:04:19.497+05:30  INFO 26852 --- [admin-server] [ctor-http-nio-1] d.c.b.a.server.services.StatusUpdater    : Couldn't retrieve status for Instance(id=74aa2c68094e, version=1, registration=Registration(name=ADMIN-SERVER, managementUrl=http://HDLCAMPUS15253.Virtusa.com:8090/actuator, healthUrl=http://HDLCAMPUS15253.Virtusa.com:8090/actuator/health, serviceUrl=http://HDLCAMPUS15253.Virtusa.com:8090, source=discovery), registered=true, statusInfo=StatusInfo(status=UP, details={}), statusTimestamp=2026-07-14T11:49:34.703286400Z, info=Info(values={}), endpoints=Endpoints(endpoints={health=Endpoint(id=health, url=http://HDLCAMPUS15253.Virtusa.com:8090/actuator/health)}), buildVersion=null, tags=Tags(values={}))

org.springframework.web.reactive.function.client.WebClientRequestException: Failed to resolve 'HDLCAMPUS15253.Virtusa.com' [A(1)] after 5 queries 
	at org.springframework.web.reactive.function.client.ExchangeFunctions$DefaultExchangeFunction.lambda$wrapException$9(ExchangeFunctions.java:139) ~[spring-webflux-6.2.19.jar:6.2.19]
	Suppressed: The stacktrace has been enhanced by Reactor, refer to additional information below: 
Error has been observed at the following site(s):
	*__checkpoint ⇢ Request to GET health [DefaultWebClient]
Original Stack Trace:
		at org.springframework.web.reactive.function.client.ExchangeFunctions$DefaultExchangeFunction.lambda$wrapException$9(ExchangeFunctions.java:139) ~[spring-webflux-6.2.19.jar:6.2.19]
		at reactor.core.publisher.MonoErrorSupplied.subscribe(MonoErrorSupplied.java:55) ~[reactor-core-3.7.19.jar:3.7.19]
		at reactor.core.publisher.Mono.subscribe(Mono.java:4576) ~[reactor-core-3.7.19.jar:3.7.19]
		at reactor.core.publisher.FluxOnErrorResume$ResumeSubscriber.onError(FluxOnErrorResume.java:103) ~[reactor-core-3.7.19.jar:3.7.19]
		at reactor.core.publisher.FluxPeek$PeekSubscriber.onError(FluxPeek.java:222) ~[reactor-core-3.7.19.jar:3.7.19]
		at reactor.core.publisher.FluxPeek$PeekSubscriber.onError(FluxPeek.java:222) ~[reactor-core-3.7.19.jar:3.7.19]
		at reactor.core.publisher.FluxPeek$PeekSubscriber.onError(FluxPeek.java:222) ~[reactor-core-3.7.19.jar:3.7.19]
		at reactor.core.publisher.MonoNext$NextSubscriber.onError(MonoNext.java:93) ~[reactor-core-3.7.19.jar:3.7.19]
		at reactor.core.publisher.MonoFlatMapMany$FlatMapManyMain.onError(MonoFlatMapMany.java:205) ~[reactor-core-3.7.19.jar:3.7.19]
		at reactor.core.publisher.SerializedSubscriber.onError(SerializedSubscriber.java:124) ~[reactor-core-3.7.19.jar:3.7.19]
		at reactor.core.publisher.FluxRetryWhen$RetryWhenMainSubscriber.whenError(FluxRetryWhen.java:229) ~[reactor-core-3.7.19.jar:3.7.19]
		at reactor.core.publisher.FluxRetryWhen$RetryWhenOtherSubscriber.onError(FluxRetryWhen.java:279) ~[reactor-core-3.7.19.jar:3.7.19]
		at reactor.core.publisher.FluxContextWrite$ContextWriteSubscriber.onError(FluxContextWrite.java:121) ~[reactor-core-3.7.19.jar:3.7.19]
		at reactor.core.publisher.FluxConcatMapNoPrefetch$FluxConcatMapNoPrefetchSubscriber.maybeOnError(FluxConcatMapNoPrefetch.java:327) ~[reactor-core-3.7.19.jar:3.7.19]
		at reactor.core.publisher.FluxConcatMapNoPrefetch$FluxConcatMapNoPrefetchSubscriber.onNext(FluxConcatMapNoPrefetch.java:212) ~[reactor-core-3.7.19.jar:3.7.19]
		at reactor.core.publisher.FluxContextWrite$ContextWriteSubscriber.onNext(FluxContextWrite.java:107) ~[reactor-core-3.7.19.jar:3.7.19]
		at reactor.core.publisher.SinkManyEmitterProcessor.drain(SinkManyEmitterProcessor.java:476) ~[reactor-core-3.7.19.jar:3.7.19]
		at reactor.core.publisher.SinkManyEmitterProcessor$EmitterInner.drainParent(SinkManyEmitterProcessor.java:620) ~[reactor-core-3.7.19.jar:3.7.19]
		at reactor.core.publisher.FluxPublish$PubSubInner.request(FluxPublish.java:874) ~[reactor-core-3.7.19.jar:3.7.19]
		at reactor.core.publisher.FluxContextWrite$ContextWriteSubscriber.request(FluxContextWrite.java:136) ~[reactor-core-3.7.19.jar:3.7.19]
		at reactor.core.publisher.FluxConcatMapNoPrefetch$FluxConcatMapNoPrefetchSubscriber.request(FluxConcatMapNoPrefetch.java:337) ~[reactor-core-3.7.19.jar:3.7.19]
		at reactor.core.publisher.FluxContextWrite$ContextWriteSubscriber.request(FluxContextWrite.java:136) ~[reactor-core-3.7.19.jar:3.7.19]
		at reactor.core.publisher.Operators$DeferredSubscription.request(Operators.java:1742) ~[reactor-core-3.7.19.jar:3.7.19]
		at reactor.core.publisher.FluxRetryWhen$RetryWhenMainSubscriber.onError(FluxRetryWhen.java:196) ~[reactor-core-3.7.19.jar:3.7.19]
		at reactor.core.publisher.MonoCreate$DefaultMonoSink.error(MonoCreate.java:205) ~[reactor-core-3.7.19.jar:3.7.19]
		at reactor.netty.http.client.HttpClientConnect$MonoHttpConnect$ClientTransportSubscriber.onError(HttpClientConnect.java:333) ~[reactor-netty-http-1.2.18.jar:1.2.18]
		at reactor.core.publisher.MonoCreate$DefaultMonoSink.error(MonoCreate.java:205) ~[reactor-core-3.7.19.jar:3.7.19]
		at reactor.netty.resources.DefaultPooledConnectionProvider$DisposableAcquire.onError(DefaultPooledConnectionProvider.java:174) ~[reactor-netty-core-1.2.18.jar:1.2.18]
		at reactor.netty.internal.shaded.reactor.pool.AbstractPool$Borrower.fail(AbstractPool.java:495) ~[reactor-netty-core-1.2.18.jar:1.2.18]
		at reactor.netty.internal.shaded.reactor.pool.SimpleDequePool.lambda$drainLoop$9(SimpleDequePool.java:443) ~[reactor-netty-core-1.2.18.jar:1.2.18]
		at reactor.core.publisher.FluxDoOnEach$DoOnEachSubscriber.onError(FluxDoOnEach.java:186) ~[reactor-core-3.7.19.jar:3.7.19]
		at reactor.core.publisher.MonoCreate$DefaultMonoSink.error(MonoCreate.java:205) ~[reactor-core-3.7.19.jar:3.7.19]
		at reactor.netty.resources.DefaultPooledConnectionProvider$PooledConnectionAllocator$PooledConnectionInitializer.onError(DefaultPooledConnectionProvider.java:598) ~[reactor-netty-core-1.2.18.jar:1.2.18]
		at reactor.core.publisher.MonoFlatMap$FlatMapMain.secondError(MonoFlatMap.java:241) ~[reactor-core-3.7.19.jar:3.7.19]
		at reactor.core.publisher.MonoFlatMap$FlatMapInner.onError(MonoFlatMap.java:315) ~[reactor-core-3.7.19.jar:3.7.19]
		at reactor.core.publisher.FluxOnErrorResume$ResumeSubscriber.onError(FluxOnErrorResume.java:106) ~[reactor-core-3.7.19.jar:3.7.19]
		at reactor.core.publisher.Operators.error(Operators.java:198) ~[reactor-core-3.7.19.jar:3.7.19]
		at reactor.core.publisher.MonoError.subscribe(MonoError.java:53) ~[reactor-core-3.7.19.jar:3.7.19]
		at reactor.core.publisher.Mono.subscribe(Mono.java:4576) ~[reactor-core-3.7.19.jar:3.7.19]
		at reactor.core.publisher.FluxOnErrorResume$ResumeSubscriber.onError(FluxOnErrorResume.java:103) ~[reactor-core-3.7.19.jar:3.7.19]
		at reactor.netty.transport.TransportConnector$MonoChannelPromise.tryFailure(TransportConnector.java:600) ~[reactor-netty-core-1.2.18.jar:1.2.18]
		at reactor.netty.transport.TransportConnector.lambda$doResolveAndConnect$11(TransportConnector.java:376) ~[reactor-netty-core-1.2.18.jar:1.2.18]
		at io.netty.util.concurrent.DefaultPromise.notifyListener0(DefaultPromise.java:604) ~[netty-common-4.1.135.Final.jar:4.1.135.Final]
		at io.netty.util.concurrent.DefaultPromise.notifyListenersNow(DefaultPromise.java:571) ~[netty-common-4.1.135.Final.jar:4.1.135.Final]
		at io.netty.util.concurrent.DefaultPromise.notifyListeners(DefaultPromise.java:506) ~[netty-common-4.1.135.Final.jar:4.1.135.Final]
		at io.netty.util.concurrent.DefaultPromise.setValue0(DefaultPromise.java:650) ~[netty-common-4.1.135.Final.jar:4.1.135.Final]
		at io.netty.util.concurrent.DefaultPromise.setFailure0(DefaultPromise.java:643) ~[netty-common-4.1.135.Final.jar:4.1.135.Final]
		at io.netty.util.concurrent.DefaultPromise.setFailure(DefaultPromise.java:124) ~[netty-common-4.1.135.Final.jar:4.1.135.Final]
		at io.netty.resolver.InetSocketAddressResolver$2.operationComplete(InetSocketAddressResolver.java:86) ~[netty-resolver-4.1.135.Final.jar:4.1.135.Final]
		at io.netty.util.concurrent.DefaultPromise.notifyListener0(DefaultPromise.java:604) ~[netty-common-4.1.135.Final.jar:4.1.135.Final]
		at io.netty.util.concurrent.DefaultPromise.notifyListeners0(DefaultPromise.java:597) ~[netty-common-4.1.135.Final.jar:4.1.135.Final]
		at io.netty.util.concurrent.DefaultPromise.notifyListenersNow(DefaultPromise.java:573) ~[netty-common-4.1.135.Final.jar:4.1.135.Final]
		at io.netty.util.concurrent.DefaultPromise.notifyListeners(DefaultPromise.java:506) ~[netty-common-4.1.135.Final.jar:4.1.135.Final]
		at io.netty.util.concurrent.DefaultPromise.setValue0(DefaultPromise.java:650) ~[netty-common-4.1.135.Final.jar:4.1.135.Final]
		at io.netty.util.concurrent.DefaultPromise.setFailure0(DefaultPromise.java:643) ~[netty-common-4.1.135.Final.jar:4.1.135.Final]
		at io.netty.util.concurrent.DefaultPromise.tryFailure(DefaultPromise.java:132) ~[netty-common-4.1.135.Final.jar:4.1.135.Final]
		at io.netty.resolver.dns.DnsResolveContext.finishResolve(DnsResolveContext.java:1166) ~[netty-resolver-dns-4.1.135.Final.jar:4.1.135.Final]
		at io.netty.resolver.dns.DnsResolveContext.tryToFinishResolve(DnsResolveContext.java:1105) ~[netty-resolver-dns-4.1.135.Final.jar:4.1.135.Final]
		at io.netty.resolver.dns.DnsResolveContext.query(DnsResolveContext.java:455) ~[netty-resolver-dns-4.1.135.Final.jar:4.1.135.Final]
		at io.netty.resolver.dns.DnsResolveContext.access$700(DnsResolveContext.java:70) ~[netty-resolver-dns-4.1.135.Final.jar:4.1.135.Final]
		at io.netty.resolver.dns.DnsResolveContext$2.operationComplete(DnsResolveContext.java:524) ~[netty-resolver-dns-4.1.135.Final.jar:4.1.135.Final]
		at io.netty.util.concurrent.DefaultPromise.notifyListener0(DefaultPromise.java:604) ~[netty-common-4.1.135.Final.jar:4.1.135.Final]
		at io.netty.util.concurrent.DefaultPromise.notifyListeners0(DefaultPromise.java:597) ~[netty-common-4.1.135.Final.jar:4.1.135.Final]
		at io.netty.util.concurrent.DefaultPromise.notifyListenersNow(DefaultPromise.java:573) ~[netty-common-4.1.135.Final.jar:4.1.135.Final]
		at io.netty.util.concurrent.DefaultPromise.notifyListeners(DefaultPromise.java:506) ~[netty-common-4.1.135.Final.jar:4.1.135.Final]
		at io.netty.util.concurrent.DefaultPromise.setValue0(DefaultPromise.java:650) ~[netty-common-4.1.135.Final.jar:4.1.135.Final]
		at io.netty.util.concurrent.DefaultPromise.setFailure0(DefaultPromise.java:643) ~[netty-common-4.1.135.Final.jar:4.1.135.Final]
		at io.netty.util.concurrent.DefaultPromise.tryFailure(DefaultPromise.java:132) ~[netty-common-4.1.135.Final.jar:4.1.135.Final]
		at io.netty.resolver.dns.DnsQueryContext.finishFailure(DnsQueryContext.java:343) ~[netty-resolver-dns-4.1.135.Final.jar:4.1.135.Final]
		at io.netty.resolver.dns.DnsQueryContext.onQueryWriteCompletion(DnsQueryContext.java:264) ~[netty-resolver-dns-4.1.135.Final.jar:4.1.135.Final]
		at io.netty.resolver.dns.DnsQueryContext.access$600(DnsQueryContext.java:51) ~[netty-resolver-dns-4.1.135.Final.jar:4.1.135.Final]
		at io.netty.resolver.dns.DnsQueryContext$3.operationComplete(DnsQueryContext.java:255) ~[netty-resolver-dns-4.1.135.Final.jar:4.1.135.Final]
		at io.netty.resolver.dns.DnsQueryContext$3.operationComplete(DnsQueryContext.java:252) ~[netty-resolver-dns-4.1.135.Final.jar:4.1.135.Final]
		at io.netty.util.concurrent.DefaultPromise.notifyListener0(DefaultPromise.java:604) ~[netty-common-4.1.135.Final.jar:4.1.135.Final]
		at io.netty.util.concurrent.DefaultPromise.notifyListenersNow(DefaultPromise.java:571) ~[netty-common-4.1.135.Final.jar:4.1.135.Final]
		at io.netty.util.concurrent.DefaultPromise.notifyListeners(DefaultPromise.java:506) ~[netty-common-4.1.135.Final.jar:4.1.135.Final]
		at io.netty.util.concurrent.DefaultPromise.setValue0(DefaultPromise.java:650) ~[netty-common-4.1.135.Final.jar:4.1.135.Final]
		at io.netty.util.concurrent.DefaultPromise.setFailure0(DefaultPromise.java:643) ~[netty-common-4.1.135.Final.jar:4.1.135.Final]
		at io.netty.util.concurrent.DefaultPromise.tryFailure(DefaultPromise.java:132) ~[netty-common-4.1.135.Final.jar:4.1.135.Final]
		at io.netty.util.internal.PromiseNotificationUtil.tryFailure(PromiseNotificationUtil.java:64) ~[netty-common-4.1.135.Final.jar:4.1.135.Final]
		at io.netty.channel.ChannelOutboundBuffer.safeFail(ChannelOutboundBuffer.java:754) ~[netty-transport-4.1.135.Final.jar:4.1.135.Final]
		at io.netty.channel.ChannelOutboundBuffer.remove0(ChannelOutboundBuffer.java:339) ~[netty-transport-4.1.135.Final.jar:4.1.135.Final]
		at io.netty.channel.ChannelOutboundBuffer.remove(ChannelOutboundBuffer.java:319) ~[netty-transport-4.1.135.Final.jar:4.1.135.Final]
		at io.netty.channel.nio.AbstractNioMessageChannel.doWrite(AbstractNioMessageChannel.java:158) ~[netty-transport-4.1.135.Final.jar:4.1.135.Final]
		at io.netty.channel.AbstractChannel$AbstractUnsafe.flush0(AbstractChannel.java:929) ~[netty-transport-4.1.135.Final.jar:4.1.135.Final]
		at io.netty.channel.nio.AbstractNioChannel$AbstractNioUnsafe.flush0(AbstractNioChannel.java:359) ~[netty-transport-4.1.135.Final.jar:4.1.135.Final]
		at io.netty.channel.AbstractChannel$AbstractUnsafe.flush(AbstractChannel.java:893) ~[netty-transport-4.1.135.Final.jar:4.1.135.Final]
		at io.netty.channel.DefaultChannelPipeline$HeadContext.flush(DefaultChannelPipeline.java:1319) ~[netty-transport-4.1.135.Final.jar:4.1.135.Final]
		at io.netty.channel.AbstractChannelHandlerContext.invokeFlush0(AbstractChannelHandlerContext.java:935) ~[netty-transport-4.1.135.Final.jar:4.1.135.Final]
		at io.netty.channel.AbstractChannelHandlerContext.invokeFlush(AbstractChannelHandlerContext.java:921) ~[netty-transport-4.1.135.Final.jar:4.1.135.Final]
		at io.netty.channel.AbstractChannelHandlerContext.flush(AbstractChannelHandlerContext.java:907) ~[netty-transport-4.1.135.Final.jar:4.1.135.Final]
		at io.netty.channel.DefaultChannelPipeline.flush(DefaultChannelPipeline.java:916) ~[netty-transport-4.1.135.Final.jar:4.1.135.Final]
		at io.netty.channel.AbstractChannel.flush(AbstractChannel.java:253) ~[netty-transport-4.1.135.Final.jar:4.1.135.Final]
		at io.netty.resolver.dns.DnsResolveContext.internalResolve(DnsResolveContext.java:398) ~[netty-resolver-dns-4.1.135.Final.jar:4.1.135.Final]
		at io.netty.resolver.dns.DnsResolveContext.resolve(DnsResolveContext.java:247) ~[netty-resolver-dns-4.1.135.Final.jar:4.1.135.Final]
		at io.netty.resolver.dns.DnsNameResolver.resolveNow(DnsNameResolver.java:1330) ~[netty-resolver-dns-4.1.135.Final.jar:4.1.135.Final]
		at io.netty.resolver.dns.DnsNameResolver.doResolveAllUncached0(DnsNameResolver.java:1314) ~[netty-resolver-dns-4.1.135.Final.jar:4.1.135.Final]
		at io.netty.resolver.dns.DnsNameResolver.doResolveAllUncached(DnsNameResolver.java:1255) ~[netty-resolver-dns-4.1.135.Final.jar:4.1.135.Final]
		at io.netty.resolver.dns.DnsNameResolver.doResolveAllNow(DnsNameResolver.java:1184) ~[netty-resolver-dns-4.1.135.Final.jar:4.1.135.Final]
		at io.netty.resolver.dns.DnsNameResolver.access$600(DnsNameResolver.java:97) ~[netty-resolver-dns-4.1.135.Final.jar:4.1.135.Final]
		at io.netty.resolver.dns.DnsNameResolver$7.operationComplete(DnsNameResolver.java:1173) ~[netty-resolver-dns-4.1.135.Final.jar:4.1.135.Final]
		at io.netty.resolver.dns.DnsNameResolver$7.operationComplete(DnsNameResolver.java:1170) ~[netty-resolver-dns-4.1.135.Final.jar:4.1.135.Final]
		at io.netty.util.concurrent.DefaultPromise.notifyListener0(DefaultPromise.java:604) ~[netty-common-4.1.135.Final.jar:4.1.135.Final]
		at io.netty.util.concurrent.DefaultPromise.notifyListenersNow(DefaultPromise.java:571) ~[netty-common-4.1.135.Final.jar:4.1.135.Final]
		at io.netty.util.concurrent.DefaultPromise.notifyListeners(DefaultPromise.java:506) ~[netty-common-4.1.135.Final.jar:4.1.135.Final]
		at io.netty.util.concurrent.DefaultPromise.setValue0(DefaultPromise.java:650) ~[netty-common-4.1.135.Final.jar:4.1.135.Final]
		at io.netty.util.concurrent.DefaultPromise.setSuccess0(DefaultPromise.java:639) ~[netty-common-4.1.135.Final.jar:4.1.135.Final]
		at io.netty.util.concurrent.DefaultPromise.trySuccess(DefaultPromise.java:119) ~[netty-common-4.1.135.Final.jar:4.1.135.Final]
		at io.netty.channel.DefaultChannelPromise.trySuccess(DefaultChannelPromise.java:84) ~[netty-transport-4.1.135.Final.jar:4.1.135.Final]
		at io.netty.channel.AbstractChannel$AbstractUnsafe.safeSetSuccess(AbstractChannel.java:988) ~[netty-transport-4.1.135.Final.jar:4.1.135.Final]
		at io.netty.channel.AbstractChannel$AbstractUnsafe.bind(AbstractChannel.java:577) ~[netty-transport-4.1.135.Final.jar:4.1.135.Final]
		at io.netty.channel.DefaultChannelPipeline$HeadContext.bind(DefaultChannelPipeline.java:1281) ~[netty-transport-4.1.135.Final.jar:4.1.135.Final]
		at io.netty.channel.AbstractChannelHandlerContext.invokeBind(AbstractChannelHandlerContext.java:600) ~[netty-transport-4.1.135.Final.jar:4.1.135.Final]
		at io.netty.channel.AbstractChannelHandlerContext.bind(AbstractChannelHandlerContext.java:579) ~[netty-transport-4.1.135.Final.jar:4.1.135.Final]
		at io.netty.channel.DefaultChannelPipeline.bind(DefaultChannelPipeline.java:922) ~[netty-transport-4.1.135.Final.jar:4.1.135.Final]
		at io.netty.channel.AbstractChannel.bind(AbstractChannel.java:259) ~[netty-transport-4.1.135.Final.jar:4.1.135.Final]
		at io.netty.bootstrap.AbstractBootstrap$2.run(AbstractBootstrap.java:384) ~[netty-transport-4.1.135.Final.jar:4.1.135.Final]
		at io.netty.util.concurrent.AbstractEventExecutor.runTask(AbstractEventExecutor.java:173) ~[netty-common-4.1.135.Final.jar:4.1.135.Final]
		at io.netty.util.concurrent.AbstractEventExecutor.safeExecute(AbstractEventExecutor.java:166) ~[netty-common-4.1.135.Final.jar:4.1.135.Final]
		at io.netty.util.concurrent.SingleThreadEventExecutor.runAllTasks(SingleThreadEventExecutor.java:472) ~[netty-common-4.1.135.Final.jar:4.1.135.Final]
		at io.netty.channel.nio.NioEventLoop.run(NioEventLoop.java:569) ~[netty-transport-4.1.135.Final.jar:4.1.135.Final]
		at io.netty.util.concurrent.SingleThreadEventExecutor$4.run(SingleThreadEventExecutor.java:998) ~[netty-common-4.1.135.Final.jar:4.1.135.Final]
		at io.netty.util.internal.ThreadExecutorMap$2.run(ThreadExecutorMap.java:74) ~[netty-common-4.1.135.Final.jar:4.1.135.Final]
		at io.netty.util.concurrent.FastThreadLocalRunnable.run(FastThreadLocalRunnable.java:30) ~[netty-common-4.1.135.Final.jar:4.1.135.Final]
		at java.base/java.lang.Thread.run(Thread.java:1474) ~[na:na]
Caused by: java.net.UnknownHostException: Failed to resolve 'HDLCAMPUS15253.Virtusa.com' [A(1)] after 5 queries 
	at io.netty.resolver.dns.DnsResolveContext.finishResolve(DnsResolveContext.java:1158) ~[netty-resolver-dns-4.1.135.Final.jar:4.1.135.Final]
	at io.netty.resolver.dns.DnsResolveContext.tryToFinishResolve(DnsResolveContext.java:1105) ~[netty-resolver-dns-4.1.135.Final.jar:4.1.135.Final]
	at io.netty.resolver.dns.DnsResolveContext.query(DnsResolveContext.java:455) ~[netty-resolver-dns-4.1.135.Final.jar:4.1.135.Final]
	at io.netty.resolver.dns.DnsResolveContext.access$700(DnsResolveContext.java:70) ~[netty-resolver-dns-4.1.135.Final.jar:4.1.135.Final]
	at io.netty.resolver.dns.DnsResolveContext$2.operationComplete(DnsResolveContext.java:524) ~[netty-resolver-dns-4.1.135.Final.jar:4.1.135.Final]
	at io.netty.util.concurrent.DefaultPromise.notifyListener0(DefaultPromise.java:604) ~[netty-common-4.1.135.Final.jar:4.1.135.Final]
	at io.netty.util.concurrent.DefaultPromise.notifyListeners0(DefaultPromise.java:597) ~[netty-common-4.1.135.Final.jar:4.1.135.Final]
	at io.netty.util.concurrent.DefaultPromise.notifyListenersNow(DefaultPromise.java:573) ~[netty-common-4.1.135.Final.jar:4.1.135.Final]
	at io.netty.util.concurrent.DefaultPromise.notifyListeners(DefaultPromise.java:506) ~[netty-common-4.1.135.Final.jar:4.1.135.Final]
	at io.netty.util.concurrent.DefaultPromise.setValue0(DefaultPromise.java:650) ~[netty-common-4.1.135.Final.jar:4.1.135.Final]
	at io.netty.util.concurrent.DefaultPromise.setFailure0(DefaultPromise.java:643) ~[netty-common-4.1.135.Final.jar:4.1.135.Final]
	at io.netty.util.concurrent.DefaultPromise.tryFailure(DefaultPromise.java:132) ~[netty-common-4.1.135.Final.jar:4.1.135.Final]
	at io.netty.resolver.dns.DnsQueryContext.finishFailure(DnsQueryContext.java:343) ~[netty-resolver-dns-4.1.135.Final.jar:4.1.135.Final]
	at io.netty.resolver.dns.DnsQueryContext.onQueryWriteCompletion(DnsQueryContext.java:264) ~[netty-resolver-dns-4.1.135.Final.jar:4.1.135.Final]
	at io.netty.resolver.dns.DnsQueryContext.access$600(DnsQueryContext.java:51) ~[netty-resolver-dns-4.1.135.Final.jar:4.1.135.Final]
	at io.netty.resolver.dns.DnsQueryContext$3.operationComplete(DnsQueryContext.java:255) ~[netty-resolver-dns-4.1.135.Final.jar:4.1.135.Final]
	at io.netty.resolver.dns.DnsQueryContext$3.operationComplete(DnsQueryContext.java:252) ~[netty-resolver-dns-4.1.135.Final.jar:4.1.135.Final]
	at io.netty.util.concurrent.DefaultPromise.notifyListener0(DefaultPromise.java:604) ~[netty-common-4.1.135.Final.jar:4.1.135.Final]
	at io.netty.util.concurrent.DefaultPromise.notifyListenersNow(DefaultPromise.java:571) ~[netty-common-4.1.135.Final.jar:4.1.135.Final]
	at io.netty.util.concurrent.DefaultPromise.notifyListeners(DefaultPromise.java:506) ~[netty-common-4.1.135.Final.jar:4.1.135.Final]
	at io.netty.util.concurrent.DefaultPromise.setValue0(DefaultPromise.java:650) ~[netty-common-4.1.135.Final.jar:4.1.135.Final]
	at io.netty.util.concurrent.DefaultPromise.setFailure0(DefaultPromise.java:643) ~[netty-common-4.1.135.Final.jar:4.1.135.Final]
	at io.netty.util.concurrent.DefaultPromise.tryFailure(DefaultPromise.java:132) ~[netty-common-4.1.135.Final.jar:4.1.135.Final]
	at io.netty.util.internal.PromiseNotificationUtil.tryFailure(PromiseNotificationUtil.java:64) ~[netty-common-4.1.135.Final.jar:4.1.135.Final]
	at io.netty.channel.ChannelOutboundBuffer.safeFail(ChannelOutboundBuffer.java:754) ~[netty-transport-4.1.135.Final.jar:4.1.135.Final]
	at io.netty.channel.ChannelOutboundBuffer.remove0(ChannelOutboundBuffer.java:339) ~[netty-transport-4.1.135.Final.jar:4.1.135.Final]
	at io.netty.channel.ChannelOutboundBuffer.remove(ChannelOutboundBuffer.java:319) ~[netty-transport-4.1.135.Final.jar:4.1.135.Final]
	at io.netty.channel.nio.AbstractNioMessageChannel.doWrite(AbstractNioMessageChannel.java:158) ~[netty-transport-4.1.135.Final.jar:4.1.135.Final]
	at io.netty.channel.AbstractChannel$AbstractUnsafe.flush0(AbstractChannel.java:929) ~[netty-transport-4.1.135.Final.jar:4.1.135.Final]
	at io.netty.channel.nio.AbstractNioChannel$AbstractNioUnsafe.flush0(AbstractNioChannel.java:359) ~[netty-transport-4.1.135.Final.jar:4.1.135.Final]
	at io.netty.channel.AbstractChannel$AbstractUnsafe.flush(AbstractChannel.java:893) ~[netty-transport-4.1.135.Final.jar:4.1.135.Final]
	at io.netty.channel.DefaultChannelPipeline$HeadContext.flush(DefaultChannelPipeline.java:1319) ~[netty-transport-4.1.135.Final.jar:4.1.135.Final]
	at io.netty.channel.AbstractChannelHandlerContext.invokeFlush0(AbstractChannelHandlerContext.java:935) ~[netty-transport-4.1.135.Final.jar:4.1.135.Final]
	at io.netty.channel.AbstractChannelHandlerContext.invokeFlush(AbstractChannelHandlerContext.java:921) ~[netty-transport-4.1.135.Final.jar:4.1.135.Final]
	at io.netty.channel.AbstractChannelHandlerContext.flush(AbstractChannelHandlerContext.java:907) ~[netty-transport-4.1.135.Final.jar:4.1.135.Final]
	at io.netty.channel.DefaultChannelPipeline.flush(DefaultChannelPipeline.java:916) ~[netty-transport-4.1.135.Final.jar:4.1.135.Final]
	at io.netty.channel.AbstractChannel.flush(AbstractChannel.java:253) ~[netty-transport-4.1.135.Final.jar:4.1.135.Final]
	at io.netty.resolver.dns.DnsResolveContext.internalResolve(DnsResolveContext.java:398) ~[netty-resolver-dns-4.1.135.Final.jar:4.1.135.Final]
	at io.netty.resolver.dns.DnsResolveContext.resolve(DnsResolveContext.java:247) ~[netty-resolver-dns-4.1.135.Final.jar:4.1.135.Final]
	at io.netty.resolver.dns.DnsNameResolver.resolveNow(DnsNameResolver.java:1330) ~[netty-resolver-dns-4.1.135.Final.jar:4.1.135.Final]
	at io.netty.resolver.dns.DnsNameResolver.doResolveAllUncached0(DnsNameResolver.java:1314) ~[netty-resolver-dns-4.1.135.Final.jar:4.1.135.Final]
	at io.netty.resolver.dns.DnsNameResolver.doResolveAllUncached(DnsNameResolver.java:1255) ~[netty-resolver-dns-4.1.135.Final.jar:4.1.135.Final]
	at io.netty.resolver.dns.DnsNameResolver.doResolveAllNow(DnsNameResolver.java:1184) ~[netty-resolver-dns-4.1.135.Final.jar:4.1.135.Final]
	at io.netty.resolver.dns.DnsNameResolver.access$600(DnsNameResolver.java:97) ~[netty-resolver-dns-4.1.135.Final.jar:4.1.135.Final]
	at io.netty.resolver.dns.DnsNameResolver$7.operationComplete(DnsNameResolver.java:1173) ~[netty-resolver-dns-4.1.135.Final.jar:4.1.135.Final]
	at io.netty.resolver.dns.DnsNameResolver$7.operationComplete(DnsNameResolver.java:1170) ~[netty-resolver-dns-4.1.135.Final.jar:4.1.135.Final]
	at io.netty.util.concurrent.DefaultPromise.notifyListener0(DefaultPromise.java:604) ~[netty-common-4.1.135.Final.jar:4.1.135.Final]
	at io.netty.util.concurrent.DefaultPromise.notifyListenersNow(DefaultPromise.java:571) ~[netty-common-4.1.135.Final.jar:4.1.135.Final]
	at io.netty.util.concurrent.DefaultPromise.notifyListeners(DefaultPromise.java:506) ~[netty-common-4.1.135.Final.jar:4.1.135.Final]
	at io.netty.util.concurrent.DefaultPromise.setValue0(DefaultPromise.java:650) ~[netty-common-4.1.135.Final.jar:4.1.135.Final]
	at io.netty.util.concurrent.DefaultPromise.setSuccess0(DefaultPromise.java:639) ~[netty-common-4.1.135.Final.jar:4.1.135.Final]
	at io.netty.util.concurrent.DefaultPromise.trySuccess(DefaultPromise.java:119) ~[netty-common-4.1.135.Final.jar:4.1.135.Final]
	at io.netty.channel.DefaultChannelPromise.trySuccess(DefaultChannelPromise.java:84) ~[netty-transport-4.1.135.Final.jar:4.1.135.Final]
	at io.netty.channel.AbstractChannel$AbstractUnsafe.safeSetSuccess(AbstractChannel.java:988) ~[netty-transport-4.1.135.Final.jar:4.1.135.Final]
	at io.netty.channel.AbstractChannel$AbstractUnsafe.bind(AbstractChannel.java:577) ~[netty-transport-4.1.135.Final.jar:4.1.135.Final]
	at io.netty.channel.DefaultChannelPipeline$HeadContext.bind(DefaultChannelPipeline.java:1281) ~[netty-transport-4.1.135.Final.jar:4.1.135.Final]
	at io.netty.channel.AbstractChannelHandlerContext.invokeBind(AbstractChannelHandlerContext.java:600) ~[netty-transport-4.1.135.Final.jar:4.1.135.Final]
	at io.netty.channel.AbstractChannelHandlerContext.bind(AbstractChannelHandlerContext.java:579) ~[netty-transport-4.1.135.Final.jar:4.1.135.Final]
	at io.netty.channel.DefaultChannelPipeline.bind(DefaultChannelPipeline.java:922) ~[netty-transport-4.1.135.Final.jar:4.1.135.Final]
	at io.netty.channel.AbstractChannel.bind(AbstractChannel.java:259) ~[netty-transport-4.1.135.Final.jar:4.1.135.Final]
	at io.netty.bootstrap.AbstractBootstrap$2.run(AbstractBootstrap.java:384) ~[netty-transport-4.1.135.Final.jar:4.1.135.Final]
	at io.netty.util.concurrent.AbstractEventExecutor.runTask(AbstractEventExecutor.java:173) ~[netty-common-4.1.135.Final.jar:4.1.135.Final]
	at io.netty.util.concurrent.AbstractEventExecutor.safeExecute(AbstractEventExecutor.java:166) ~[netty-common-4.1.135.Final.jar:4.1.135.Final]
	at io.netty.util.concurrent.SingleThreadEventExecutor.runAllTasks(SingleThreadEventExecutor.java:472) ~[netty-common-4.1.135.Final.jar:4.1.135.Final]
	at io.netty.channel.nio.NioEventLoop.run(NioEventLoop.java:569) ~[netty-transport-4.1.135.Final.jar:4.1.135.Final]
	at io.netty.util.concurrent.SingleThreadEventExecutor$4.run(SingleThreadEventExecutor.java:998) ~[netty-common-4.1.135.Final.jar:4.1.135.Final]
	at io.netty.util.internal.ThreadExecutorMap$2.run(ThreadExecutorMap.java:74) ~[netty-common-4.1.135.Final.jar:4.1.135.Final]
	at io.netty.util.concurrent.FastThreadLocalRunnable.run(FastThreadLocalRunnable.java:30) ~[netty-common-4.1.135.Final.jar:4.1.135.Final]
	at java.base/java.lang.Thread.run(Thread.java:1474) ~[na:na]
Caused by: io.netty.resolver.dns.DnsNameResolverException: [7254: /10.64.65.13:53] DefaultDnsQuestion(HDLCAMPUS15253.Virtusa.com. IN A) failed to send a query '7254' via UDP (no stack trace available)
Caused by: java.net.SocketException: Network is unreachable: sendto
	at java.base/sun.nio.ch.DatagramChannelImpl.send0(Native Method) ~[na:na]
	at java.base/sun.nio.ch.DatagramChannelImpl.sendFromNativeBuffer(DatagramChannelImpl.java:914) ~[na:na]
	at java.base/sun.nio.ch.DatagramChannelImpl.send(DatagramChannelImpl.java:871) ~[na:na]
	at java.base/sun.nio.ch.DatagramChannelImpl.send(DatagramChannelImpl.java:798) ~[na:na]
	at io.netty.channel.socket.nio.NioDatagramChannel.doWriteMessage(NioDatagramChannel.java:297) ~[netty-transport-4.1.135.Final.jar:4.1.135.Final]
	at io.netty.channel.nio.AbstractNioMessageChannel.doWrite(AbstractNioMessageChannel.java:143) ~[netty-transport-4.1.135.Final.jar:4.1.135.Final]
	at io.netty.channel.AbstractChannel$AbstractUnsafe.flush0(AbstractChannel.java:929) ~[netty-transport-4.1.135.Final.jar:4.1.135.Final]
	at io.netty.channel.nio.AbstractNioChannel$AbstractNioUnsafe.flush0(AbstractNioChannel.java:359) ~[netty-transport-4.1.135.Final.jar:4.1.135.Final]
	at io.netty.channel.AbstractChannel$AbstractUnsafe.flush(AbstractChannel.java:893) ~[netty-transport-4.1.135.Final.jar:4.1.135.Final]
	at io.netty.channel.DefaultChannelPipeline$HeadContext.flush(DefaultChannelPipeline.java:1319) ~[netty-transport-4.1.135.Final.jar:4.1.135.Final]
	at io.netty.channel.AbstractChannelHandlerContext.invokeFlush0(AbstractChannelHandlerContext.java:935) ~[netty-transport-4.1.135.Final.jar:4.1.135.Final]
	at io.netty.channel.AbstractChannelHandlerContext.invokeFlush(AbstractChannelHandlerContext.java:921) ~[netty-transport-4.1.135.Final.jar:4.1.135.Final]
	at io.netty.channel.AbstractChannelHandlerContext.flush(AbstractChannelHandlerContext.java:907) ~[netty-transport-4.1.135.Final.jar:4.1.135.Final]
	at io.netty.channel.DefaultChannelPipeline.flush(DefaultChannelPipeline.java:916) ~[netty-transport-4.1.135.Final.jar:4.1.135.Final]
	at io.netty.channel.AbstractChannel.flush(AbstractChannel.java:253) ~[netty-transport-4.1.135.Final.jar:4.1.135.Final]
	at io.netty.resolver.dns.DnsResolveContext.internalResolve(DnsResolveContext.java:398) ~[netty-resolver-dns-4.1.135.Final.jar:4.1.135.Final]
	at io.netty.resolver.dns.DnsResolveContext.resolve(DnsResolveContext.java:247) ~[netty-resolver-dns-4.1.135.Final.jar:4.1.135.Final]
	at io.netty.resolver.dns.DnsNameResolver.resolveNow(DnsNameResolver.java:1330) ~[netty-resolver-dns-4.1.135.Final.jar:4.1.135.Final]
	at io.netty.resolver.dns.DnsNameResolver.doResolveAllUncached0(DnsNameResolver.java:1314) ~[netty-resolver-dns-4.1.135.Final.jar:4.1.135.Final]
	at io.netty.resolver.dns.DnsNameResolver.doResolveAllUncached(DnsNameResolver.java:1255) ~[netty-resolver-dns-4.1.135.Final.jar:4.1.135.Final]
	at io.netty.resolver.dns.DnsNameResolver.doResolveAllNow(DnsNameResolver.java:1184) ~[netty-resolver-dns-4.1.135.Final.jar:4.1.135.Final]
	at io.netty.resolver.dns.DnsNameResolver.access$600(DnsNameResolver.java:97) ~[netty-resolver-dns-4.1.135.Final.jar:4.1.135.Final]
	at io.netty.resolver.dns.DnsNameResolver$7.operationComplete(DnsNameResolver.java:1173) ~[netty-resolver-dns-4.1.135.Final.jar:4.1.135.Final]
	at io.netty.resolver.dns.DnsNameResolver$7.operationComplete(DnsNameResolver.java:1170) ~[netty-resolver-dns-4.1.135.Final.jar:4.1.135.Final]
	at io.netty.util.concurrent.DefaultPromise.notifyListener0(DefaultPromise.java:604) ~[netty-common-4.1.135.Final.jar:4.1.135.Final]
	at io.netty.util.concurrent.DefaultPromise.notifyListenersNow(DefaultPromise.java:571) ~[netty-common-4.1.135.Final.jar:4.1.135.Final]
	at io.netty.util.concurrent.DefaultPromise.notifyListeners(DefaultPromise.java:506) ~[netty-common-4.1.135.Final.jar:4.1.135.Final]
	at io.netty.util.concurrent.DefaultPromise.setValue0(DefaultPromise.java:650) ~[netty-common-4.1.135.Final.jar:4.1.135.Final]
	at io.netty.util.concurrent.DefaultPromise.setSuccess0(DefaultPromise.java:639) ~[netty-common-4.1.135.Final.jar:4.1.135.Final]
	at io.netty.util.concurrent.DefaultPromise.trySuccess(DefaultPromise.java:119) ~[netty-common-4.1.135.Final.jar:4.1.135.Final]
	at io.netty.channel.DefaultChannelPromise.trySuccess(DefaultChannelPromise.java:84) ~[netty-transport-4.1.135.Final.jar:4.1.135.Final]
	at io.netty.channel.AbstractChannel$AbstractUnsafe.safeSetSuccess(AbstractChannel.java:988) ~[netty-transport-4.1.135.Final.jar:4.1.135.Final]
	at io.netty.channel.AbstractChannel$AbstractUnsafe.bind(AbstractChannel.java:577) ~[netty-transport-4.1.135.Final.jar:4.1.135.Final]
	at io.netty.channel.DefaultChannelPipeline$HeadContext.bind(DefaultChannelPipeline.java:1281) ~[netty-transport-4.1.135.Final.jar:4.1.135.Final]
	at io.netty.channel.AbstractChannelHandlerContext.invokeBind(AbstractChannelHandlerContext.java:600) ~[netty-transport-4.1.135.Final.jar:4.1.135.Final]
	at io.netty.channel.AbstractChannelHandlerContext.bind(AbstractChannelHandlerContext.java:579) ~[netty-transport-4.1.135.Final.jar:4.1.135.Final]
	at io.netty.channel.DefaultChannelPipeline.bind(DefaultChannelPipeline.java:922) ~[netty-transport-4.1.135.Final.jar:4.1.135.Final]
	at io.netty.channel.AbstractChannel.bind(AbstractChannel.java:259) ~[netty-transport-4.1.135.Final.jar:4.1.135.Final]
	at io.netty.bootstrap.AbstractBootstrap$2.run(AbstractBootstrap.java:384) ~[netty-transport-4.1.135.Final.jar:4.1.135.Final]
	at io.netty.util.concurrent.AbstractEventExecutor.runTask(AbstractEventExecutor.java:173) ~[netty-common-4.1.135.Final.jar:4.1.135.Final]
	at io.netty.util.concurrent.AbstractEventExecutor.safeExecute(AbstractEventExecutor.java:166) ~[netty-common-4.1.135.Final.jar:4.1.135.Final]
	at io.netty.util.concurrent.SingleThreadEventExecutor.runAllTasks(SingleThreadEventExecutor.java:472) ~[netty-common-4.1.135.Final.jar:4.1.135.Final]
	at io.netty.channel.nio.NioEventLoop.run(NioEventLoop.java:569) ~[netty-transport-4.1.135.Final.jar:4.1.135.Final]
	at io.netty.util.concurrent.SingleThreadEventExecutor$4.run(SingleThreadEventExecutor.java:998) ~[netty-common-4.1.135.Final.jar:4.1.135.Final]
	at io.netty.util.internal.ThreadExecutorMap$2.run(ThreadExecutorMap.java:74) ~[netty-common-4.1.135.Final.jar:4.1.135.Final]
	at io.netty.util.concurrent.FastThreadLocalRunnable.run(FastThreadLocalRunnable.java:30) ~[netty-common-4.1.135.Final.jar:4.1.135.Final]
	at java.base/java.lang.Thread.run(Thread.java:1474) ~[na:na]

2026-07-15T11:19:33.401+05:30  WARN 26852 --- [admin-server] [     parallel-5] d.c.b.a.server.services.IntervalCheck    : Unexpected error in status-check

reactor.core.Exceptions$OverflowException: Could not emit tick 2 due to lack of requests (interval doesn't support small downstream requests that replenish slower than the ticks)
	at reactor.core.Exceptions.failWithOverflow(Exceptions.java:251) ~[reactor-core-3.7.19.jar:3.7.19]
	at reactor.core.publisher.FluxInterval$IntervalRunnable.run(FluxInterval.java:131) ~[reactor-core-3.7.19.jar:3.7.19]
	at reactor.core.scheduler.PeriodicWorkerTask.call(PeriodicWorkerTask.java:59) ~[reactor-core-3.7.19.jar:3.7.19]
	at reactor.core.scheduler.PeriodicWorkerTask.run(PeriodicWorkerTask.java:73) ~[reactor-core-3.7.19.jar:3.7.19]
	at java.base/java.util.concurrent.Executors$RunnableAdapter.call(Executors.java:545) ~[na:na]
	at java.base/java.util.concurrent.FutureTask.runAndReset(FutureTask.java:369) ~[na:na]
	at java.base/java.util.concurrent.ScheduledThreadPoolExecutor$ScheduledFutureTask.run(ScheduledThreadPoolExecutor.java:310) ~[na:na]
	at java.base/java.util.concurrent.ThreadPoolExecutor.runWorker(ThreadPoolExecutor.java:1090) ~[na:na]
	at java.base/java.util.concurrent.ThreadPoolExecutor$Worker.run(ThreadPoolExecutor.java:614) ~[na:na]
	at java.base/java.lang.Thread.run(Thread.java:1474) ~[na:na]

2026-07-15T11:20:24.319+05:30  WARN 26852 --- [admin-server] [     parallel-7] d.c.b.a.server.services.IntervalCheck    : Unexpected error in info-check

reactor.core.Exceptions$OverflowException: Could not emit tick 1 due to lack of requests (interval doesn't support small downstream requests that replenish slower than the ticks)
	at reactor.core.Exceptions.failWithOverflow(Exceptions.java:251) ~[reactor-core-3.7.19.jar:3.7.19]
	at reactor.core.publisher.FluxInterval$IntervalRunnable.run(FluxInterval.java:131) ~[reactor-core-3.7.19.jar:3.7.19]
	at reactor.core.scheduler.PeriodicWorkerTask.call(PeriodicWorkerTask.java:59) ~[reactor-core-3.7.19.jar:3.7.19]
	at reactor.core.scheduler.PeriodicWorkerTask.run(PeriodicWorkerTask.java:73) ~[reactor-core-3.7.19.jar:3.7.19]
	at java.base/java.util.concurrent.Executors$RunnableAdapter.call(Executors.java:545) ~[na:na]
	at java.base/java.util.concurrent.FutureTask.runAndReset(FutureTask.java:369) ~[na:na]
	at java.base/java.util.concurrent.ScheduledThreadPoolExecutor$ScheduledFutureTask.run(ScheduledThreadPoolExecutor.java:310) ~[na:na]
	at java.base/java.util.concurrent.ThreadPoolExecutor.runWorker(ThreadPoolExecutor.java:1090) ~[na:na]
	at java.base/java.util.concurrent.ThreadPoolExecutor$Worker.run(ThreadPoolExecutor.java:614) ~[na:na]
	at java.base/java.lang.Thread.run(Thread.java:1474) ~[na:na]

2026-07-15T11:20:24.597+05:30  WARN 26852 --- [admin-server] [     parallel-7] d.c.b.a.server.services.IntervalCheck    : Unexpected error in status-check

reactor.core.Exceptions$OverflowException: Could not emit tick 1 due to lack of requests (interval doesn't support small downstream requests that replenish slower than the ticks)
	at reactor.core.Exceptions.failWithOverflow(Exceptions.java:251) ~[reactor-core-3.7.19.jar:3.7.19]
	at reactor.core.publisher.FluxInterval$IntervalRunnable.run(FluxInterval.java:131) ~[reactor-core-3.7.19.jar:3.7.19]
	at reactor.core.scheduler.PeriodicWorkerTask.call(PeriodicWorkerTask.java:59) ~[reactor-core-3.7.19.jar:3.7.19]
	at reactor.core.scheduler.PeriodicWorkerTask.run(PeriodicWorkerTask.java:73) ~[reactor-core-3.7.19.jar:3.7.19]
	at java.base/java.util.concurrent.Executors$RunnableAdapter.call(Executors.java:545) ~[na:na]
	at java.base/java.util.concurrent.FutureTask.runAndReset(FutureTask.java:369) ~[na:na]
	at java.base/java.util.concurrent.ScheduledThreadPoolExecutor$ScheduledFutureTask.run(ScheduledThreadPoolExecutor.java:310) ~[na:na]
	at java.base/java.util.concurrent.ThreadPoolExecutor.runWorker(ThreadPoolExecutor.java:1090) ~[na:na]
	at java.base/java.util.concurrent.ThreadPoolExecutor$Worker.run(ThreadPoolExecutor.java:614) ~[na:na]
	at java.base/java.lang.Thread.run(Thread.java:1474) ~[na:na]

